duplicate_group,image_key,image_id,dataset,duplicate_type,review_status
exact_016d1670c190,aptos__b0f3806adb3f7235,530d78467615,aptos,exact_sha256,automatic_exact_match
exact_016d1670c190,aptos__00cf743257d485ed,c1c8550508e0,aptos,exact_sha256,automatic_exact_match
exact_01f04eb1f0de,aptos__41d4aaeb0a1dc62b,8d3d67661620,aptos,exact_sha256,automatic_exact_match
exact_01f04eb1f0de,aptos__35a3aebba1b6b791,1248275c3f91,aptos,exact_sha256,automatic_exact_match
exact_022b0e0373dd,aptos__6c7510d3d6781285,0ac436400db4,aptos,exact_sha256,automatic_exact_match
exact_022b0e0373dd,aptos__6a7c5011a3db4b4f,fda39982a810,aptos,exact_sha256,automatic_exact_match
exact_032dc113c5f9,aptos__7b053c0edaed6e6e,a49b0b4484ea,aptos,exact_sha256,automatic_exact_match
exact_032dc113c5f9,aptos__59600e68271eba7a,be71e340dbaa,aptos,exact_sha256,automatic_exact_match
exact_0351e83371a7,aptos__633c9cba342deefe,ad570b850a4f,aptos,exact_sha256,automatic_exact_match
exact_0351e83371a7,aptos__57cb2c73b88c157b,4f985a7320d9,aptos,exact_sha256,automatic_exact_match
exact_045ca0250e16,aptos__11ece239a111fb42,9e3510963315,aptos,exact_sha256,automatic_exact_match
exact_045ca0250e16,aptos__4ddde1e64d93d988,b187b3c93afb,aptos,exact_sha256,automatic_exact_match
exact_04bbfed5d2cd,aptos__a1aa32708a61ea06,3b4a5fcbe5e0,aptos,exact_sha256,automatic_exact_match
exact_04bbfed5d2cd,aptos__2acc5883552e7417,3ca637fddd56,aptos,exact_sha256,automatic_exact_match
exact_04c59d2abb62,aptos__25569eea0374e6ec,513b0a4651fa,aptos,exact_sha256,automatic_exact_match
exact_04c59d2abb62,aptos__dc578509425a9414,1e04a80f12dd,aptos,exact_sha256,automatic_exact_match
exact_05ec253d52e3,aptos__fcad379f60f3d69d,38b9bb961847,aptos,exact_sha256,automatic_exact_match
exact_05ec253d52e3,aptos__730ce96d1e77bdc0,4fdd1ca8bd89,aptos,exact_sha256,automatic_exact_match
exact_05f8b279a9fb,aptos__aeabc34a0f28dc77,22098b1fe461,aptos,exact_sha256,automatic_exact_match
exact_05f8b279a9fb,aptos__036d4c1dcd06aef4,16ae04d67de3,aptos,exact_sha256,automatic_exact_match
exact_0987b2b0c388,aptos__d45c3d138733d7a3,02dda30d3acf,aptos,exact_sha256,automatic_exact_match
exact_0987b2b0c388,aptos__3336d2e018a5e6ec,368271b942fb,aptos,exact_sha256,automatic_exact_match
exact_099293bd82c9,aptos__daa861e87557283c,43fb6eda9b97,aptos,exact_sha256,automatic_exact_match
exact_099293bd82c9,aptos__86285162c6641330,e4e343eaae2a,aptos,exact_sha256,automatic_exact_match
exact_0a9a014e61ea,aptos__e82bcb09f9d215d8,bcdc8db5423b,aptos,exact_sha256,automatic_exact_match
exact_0a9a014e61ea,aptos__6a3bd78b8ee5aa72,f920ccd926db,aptos,exact_sha256,automatic_exact_match
exact_0b29f2279bf8,aptos__555d3b2a415520e5,54bbe3da103e,aptos,exact_sha256,automatic_exact_match
exact_0b29f2279bf8,aptos__2f6e4b3d4899e21b,9a33293f90b5,aptos,exact_sha256,automatic_exact_match
exact_0bf7ae5a4007,aptos__61e0bd2e5e5c1ea0,38e0e28d35d3,aptos,exact_sha256,automatic_exact_match
exact_0bf7ae5a4007,aptos__a548109a42fd30dd,21d65a5b8d67,aptos,exact_sha256,automatic_exact_match
exact_0ddc4d1b0508,aptos__14c46fd1bc3d4a53,0dce95217626,aptos,exact_sha256,automatic_exact_match
exact_0ddc4d1b0508,aptos__ed0e3d8fac80f174,94372043d55b,aptos,exact_sha256,automatic_exact_match
exact_0e4a0e5a3a8c,aptos__2f472200d39ce932,71c1a3cdbe47,aptos,exact_sha256,automatic_exact_match
exact_0e4a0e5a3a8c,aptos__0810684e1e857922,79ce83c07588,aptos,exact_sha256,automatic_exact_match
exact_0e59249c3be1,aptos__f4c606c2940640ba,7f84284598f5,aptos,exact_sha256,automatic_exact_match
exact_0e59249c3be1,aptos__67851533d5600595,e051148841ce,aptos,exact_sha256,automatic_exact_match
exact_0e8d80e3f8e6,aptos__db68666cb2af57ef,46c1548d730e,aptos,exact_sha256,automatic_exact_match
exact_0e8d80e3f8e6,aptos__2c9829991994770f,22c7ca4863ee,aptos,exact_sha256,automatic_exact_match
exact_0edc485466e1,aptos__0035e99d9db68fd8,521d3e264d71,aptos,exact_sha256,automatic_exact_match
exact_0edc485466e1,aptos__76eaeb46aac804b8,fe0fc67c7980,aptos,exact_sha256,automatic_exact_match
exact_117b6991b655,aptos__d17e66d5741ab9be,1006345f70b7,aptos,exact_sha256,automatic_exact_match
exact_117b6991b655,aptos__57e0b0f829fbd6b7,435d900fa7b2,aptos,exact_sha256,automatic_exact_match
exact_11be676d717b,aptos__4f0539c64b96a9cc,ab1c20a94f3f,aptos,exact_sha256,automatic_exact_match
exact_11be676d717b,aptos__3dd1d2aa24ef04e3,689d028fe647,aptos,exact_sha256,automatic_exact_match
exact_1444e34b5cdc,aptos__541e452e0f5f15a1,5dd2e26fc244,aptos,exact_sha256,automatic_exact_match
exact_1444e34b5cdc,aptos__1201bebd7175ebb9,ac65fb85276d,aptos,exact_sha256,automatic_exact_match
exact_1924764ef3f3,aptos__67a5ae59085cca78,2df07eb5779f,aptos,exact_sha256,automatic_exact_match
exact_1924764ef3f3,aptos__b1045a834004488a,b91ef82e723a,aptos,exact_sha256,automatic_exact_match
exact_1b4fe6826287,aptos__a977a5e7d52328ff,3a1d3ce00f0c,aptos,exact_sha256,automatic_exact_match
exact_1b4fe6826287,aptos__9cbb0ca823dfbc68,a19507501b40,aptos,exact_sha256,automatic_exact_match
exact_1e3bd519dc8c,aptos__fb482a9d42f90c19,144b01e7b993,aptos,exact_sha256,automatic_exact_match
exact_1e3bd519dc8c,aptos__7726c656c829d2b8,1e143fa3de57,aptos,exact_sha256,automatic_exact_match
exact_1ed09890ee6d,aptos__466c0cc583cf1385,40e9b5630438,aptos,exact_sha256,automatic_exact_match
exact_1ed09890ee6d,aptos__86ce4d6aeaa17726,77a9538b8362,aptos,exact_sha256,automatic_exact_match
exact_1f91358562f6,aptos__9d03ba8b4695fea8,d5b4705ac2ee,aptos,exact_sha256,automatic_exact_match
exact_1f91358562f6,aptos__bd7c6a73ff848570,8938eb4d9c63,aptos,exact_sha256,automatic_exact_match
exact_2171b2ea4a5d,aptos__6b103ca94ddadc2f,f9aa35187bf3,aptos,exact_sha256,automatic_exact_match
exact_2171b2ea4a5d,aptos__13977b5c22affeaa,cdf3f1c8ec1d,aptos,exact_sha256,automatic_exact_match
exact_21b490201175,aptos__d42824b00110eaab,a8eb35b3bcd2,aptos,exact_sha256,automatic_exact_match
exact_21b490201175,aptos__0305f2fc81b5824d,b6cf540b6935,aptos,exact_sha256,automatic_exact_match
exact_22a3b2c1bf2e,aptos__6716666ac05918b7,36677b70b1ef,aptos,exact_sha256,automatic_exact_match
exact_22a3b2c1bf2e,aptos__4fcc75077f84c1e3,7bf981d9c7fe,aptos,exact_sha256,automatic_exact_match
exact_23f2c0cab090,aptos__7ca8bd0c998c0532,aeed1f251ceb,aptos,exact_sha256,automatic_exact_match
exact_23f2c0cab090,aptos__ae795c567f711f0c,c0e509786f7f,aptos,exact_sha256,automatic_exact_match
exact_246c9b4f1832,aptos__481a4262fa1704aa,4ce74e5eb51d,aptos,exact_sha256,automatic_exact_match
exact_246c9b4f1832,aptos__b0a265c7f08ef93c,c68dfa021d62,aptos,exact_sha256,automatic_exact_match
exact_27dfd7d83585,aptos__54e0e5ff735d4d53,a5c9a8c726b2,aptos,exact_sha256,automatic_exact_match
exact_27dfd7d83585,aptos__b9cb8e7f287a08c7,8ae672ef2f60,aptos,exact_sha256,automatic_exact_match
exact_27e1c1c7570a,aptos__669c9d8f6b53f7dc,259d30f693b6,aptos,exact_sha256,automatic_exact_match
exact_27e1c1c7570a,aptos__bf68a9fab8125156,f8aa9af6ca63,aptos,exact_sha256,automatic_exact_match
exact_281a8c182eb2,aptos__e464a40079c8f5cb,aca88f566228,aptos,exact_sha256,automatic_exact_match
exact_281a8c182eb2,aptos__bcba427bf7b314fd,c05b7b4c22fe,aptos,exact_sha256,automatic_exact_match
exact_2a6ef650a496,aptos__1b887b901759ff7a,3ee4841936ef,aptos,exact_sha256,automatic_exact_match
exact_2a6ef650a496,aptos__46390b8b2abf4f73,7005be54cab1,aptos,exact_sha256,automatic_exact_match
exact_2a6ef650a496,aptos__8960d392f1a12a9a,01c31b10ab99,aptos,exact_sha256,automatic_exact_match
exact_2a6ef650a496,aptos__7975b10a831b93e1,b29bd35acaf6,aptos,exact_sha256,automatic_exact_match
exact_2bf6c1a129d6,aptos__688da2a0ee9d186c,2a099b247b10,aptos,exact_sha256,automatic_exact_match
exact_2bf6c1a129d6,aptos__f000b536a9625bab,bc0a50485c85,aptos,exact_sha256,automatic_exact_match
exact_2e4e6640e8b8,aptos__9e49b1847844524d,c1e6fa1ad314,aptos,exact_sha256,automatic_exact_match
exact_2e4e6640e8b8,aptos__11a86184c3d6c386,5cfc10f6114c,aptos,exact_sha256,automatic_exact_match
exact_2eca7d9f3f86,aptos__91efb9b4d00b08e7,75a7bc945b7d,aptos,exact_sha256,automatic_exact_match
exact_2eca7d9f3f86,aptos__fa52b2198db0e52d,98104c8c67eb,aptos,exact_sha256,automatic_exact_match
exact_2ef9c95e1de2,aptos__70be550d4ad0260f,14515b8f19b6,aptos,exact_sha256,automatic_exact_match
exact_2ef9c95e1de2,aptos__7524daea54ade07f,ba2624883599,aptos,exact_sha256,automatic_exact_match
exact_3015ccb4a17e,aptos__e30a25f73807da71,b06dabab4f09,aptos,exact_sha256,automatic_exact_match
exact_3015ccb4a17e,aptos__8525e0d5d6004ef6,d144144a2f3f,aptos,exact_sha256,automatic_exact_match
exact_315fd73c7142,aptos__395f4bcc9523a101,70d657f8f503,aptos,exact_sha256,automatic_exact_match
exact_315fd73c7142,aptos__77862afdfda2f789,ba9dbc90fdf1,aptos,exact_sha256,automatic_exact_match
exact_31fb60d6a075,aptos__42f89fe83ad46fbb,f9156aeffc5e,aptos,exact_sha256,automatic_exact_match
exact_31fb60d6a075,aptos__0b7f1449fdcfe363,74b5ba54d7cc,aptos,exact_sha256,automatic_exact_match
exact_32985d51d094,aptos__e7665a5724b5d02b,b71428739d4e,aptos,exact_sha256,automatic_exact_match
exact_32985d51d094,aptos__b5b6ecf36914026f,58ab162bfc89,aptos,exact_sha256,automatic_exact_match
exact_32e9b718af59,aptos__08922ca884a29cc0,c70d09370109,aptos,exact_sha256,automatic_exact_match
exact_32e9b718af59,aptos__819017740b0d8826,8c4b2c26e478,aptos,exact_sha256,automatic_exact_match
exact_3411eba6732f,aptos__58fcfef2664e4da3,ee74c3b177e0,aptos,exact_sha256,automatic_exact_match
exact_3411eba6732f,aptos__8dca4f917aa412e4,5ed96c970a57,aptos,exact_sha256,automatic_exact_match
exact_34ccbb2ee77a,aptos__220b0f9fcde7989d,1e9224ccca95,aptos,exact_sha256,automatic_exact_match
exact_34ccbb2ee77a,aptos__6e70e98b74932ad0,f6f3ea0d2693,aptos,exact_sha256,automatic_exact_match
exact_34d0b285c984,aptos__29cd70fc7d3315ff,d67374d3fa2a,aptos,exact_sha256,automatic_exact_match
exact_34d0b285c984,aptos__9cf1fbdeb2c0027a,2c2b9c974ca7,aptos,exact_sha256,automatic_exact_match
exact_356d9ab05fba,aptos__689a6f41037d141b,30cab14951ac,aptos,exact_sha256,automatic_exact_match
exact_356d9ab05fba,aptos__b5ec77c9f16e00e3,c546670d9684,aptos,exact_sha256,automatic_exact_match
exact_36b368b08638,aptos__27f26d09345609dc,1c4d87baaffc,aptos,exact_sha256,automatic_exact_match
exact_36b368b08638,aptos__3ddf3f61b31ad047,35aa7f5c2ec0,aptos,exact_sha256,automatic_exact_match
exact_37940fe3cc85,aptos__1fe83abb72ea5276,4247b91698fc,aptos,exact_sha256,automatic_exact_match
exact_37940fe3cc85,aptos__a032eff2beb9a8fd,a2319c2af727,aptos,exact_sha256,automatic_exact_match
exact_3829474155ff,aptos__3a283e53df268d7a,d51b3fe0fa1b,aptos,exact_sha256,automatic_exact_match
exact_3829474155ff,aptos__21846759b297e296,df4913ca3712,aptos,exact_sha256,automatic_exact_match
exact_387028c6180a,aptos__9f07f83492ef6103,80964d8e0863,aptos,exact_sha256,automatic_exact_match
exact_387028c6180a,aptos__9c4c292340a97c1b,ab50123abadb,aptos,exact_sha256,automatic_exact_match
exact_38f85514cdcc,aptos__83a01d02a1a3de93,80d24897669f,aptos,exact_sha256,automatic_exact_match
exact_38f85514cdcc,aptos__51fad35eb7550eda,fea14b3d44b0,aptos,exact_sha256,automatic_exact_match
exact_3a5b5aef35a4,aptos__ca83faacfd7e8e5d,460893cd86e3,aptos,exact_sha256,automatic_exact_match
exact_3a5b5aef35a4,aptos__75c63599fd527c46,3873e0266b94,aptos,exact_sha256,automatic_exact_match
exact_3c837a0e89b7,aptos__52e2c585607722eb,4e0656629d02,aptos,exact_sha256,automatic_exact_match
exact_3c837a0e89b7,aptos__7d5629f9977de470,db169abd047e,aptos,exact_sha256,automatic_exact_match
exact_3deacec2ae9d,aptos__df6e77b70ebe475b,caec68f11c86,aptos,exact_sha256,automatic_exact_match
exact_3deacec2ae9d,aptos__eac812f489fbd8e3,75b6ffa63525,aptos,exact_sha256,automatic_exact_match
exact_3f1adaf9e242,aptos__89af844e883793dd,1411c8ab7161,aptos,exact_sha256,automatic_exact_match
exact_3f1adaf9e242,aptos__5a895a92a856f2e8,8acffaf1f4b9,aptos,exact_sha256,automatic_exact_match
exact_3f2cc0e09062,aptos__afddf623262805e3,1b4625877527,aptos,exact_sha256,automatic_exact_match
exact_3f2cc0e09062,aptos__349ce0e2d072c510,86b3a7929bec,aptos,exact_sha256,automatic_exact_match
exact_3f8b79ab85c3,aptos__b1ddb824210821a0,03676c71ed1b,aptos,exact_sha256,automatic_exact_match
exact_3f8b79ab85c3,aptos__1a3be9cfafef2058,bf441174ad79,aptos,exact_sha256,automatic_exact_match
exact_405fb8cfa28d,aptos__1c17d035b21b8475,278aa860dffd,aptos,exact_sha256,automatic_exact_match
exact_405fb8cfa28d,aptos__5a161274a72e1cee,f066db7a2efe,aptos,exact_sha256,automatic_exact_match
exact_4134302dbbef,aptos__946656fbce496748,1ae8c165fd53,aptos,exact_sha256,automatic_exact_match
exact_4134302dbbef,aptos__2678d0cfbb8da200,5a36cea278ae,aptos,exact_sha256,automatic_exact_match
exact_41474e54c582,aptos__1dec201cec0b1496,7550966ef777,aptos,exact_sha256,automatic_exact_match
exact_41474e54c582,aptos__e7749b1013f935b6,8d7bb0649a02,aptos,exact_sha256,automatic_exact_match
exact_422648642427,aptos__e5f58e5908828c80,437cbec4a3f8,aptos,exact_sha256,automatic_exact_match
exact_422648642427,aptos__87d738000b40e5e9,8adf13f4fc16,aptos,exact_sha256,automatic_exact_match
exact_4664f1fa6acc,aptos__6940993b26208bb1,ca0f1a17c8e5,aptos,exact_sha256,automatic_exact_match
exact_4664f1fa6acc,aptos__d54ad02d1fda2c1f,ea05c22d92e9,aptos,exact_sha256,automatic_exact_match
exact_46b631781bb2,aptos__69f8f8af5237a11b,11242a67122d,aptos,exact_sha256,automatic_exact_match
exact_46b631781bb2,aptos__d9dfc5a5b5776a17,65c958379680,aptos,exact_sha256,automatic_exact_match
exact_47a83fc02bba,aptos__534e79b047228816,36041171f441,aptos,exact_sha256,automatic_exact_match
exact_47a83fc02bba,aptos__d3fcd23d1b790482,595446774178,aptos,exact_sha256,automatic_exact_match
exact_484c1cce271f,aptos__9f1dbab887a245f5,0a9ec1e99ce4,aptos,exact_sha256,automatic_exact_match
exact_484c1cce271f,aptos__fb6af243206fb52f,c13e52ea958e,aptos,exact_sha256,automatic_exact_match
exact_48d5bd482d9c,aptos__586c4101dfc2e77a,a56729de89e9,aptos,exact_sha256,automatic_exact_match
exact_48d5bd482d9c,aptos__a7edf13b6ee4318f,d166f5253f48,aptos,exact_sha256,automatic_exact_match
exact_49523aa6b17f,aptos__515adc89782ebce5,5efa24b03d5e,aptos,exact_sha256,automatic_exact_match
exact_49523aa6b17f,aptos__356d3c07d8e7733c,f10e7a05264b,aptos,exact_sha256,automatic_exact_match
exact_49a7614167b6,aptos__b2418c47c72fcdbf,405b4f78658f,aptos,exact_sha256,automatic_exact_match
exact_49a7614167b6,aptos__061406388568ac45,4c49594c40c9,aptos,exact_sha256,automatic_exact_match
exact_4b1320e88760,aptos__946aedff88d77d57,9b7b6e4db1d5,aptos,exact_sha256,automatic_exact_match
exact_4b1320e88760,aptos__7a1ec37d0adb8a57,9f4132bd6ed6,aptos,exact_sha256,automatic_exact_match
exact_4b35c1886ae6,aptos__f89e63d5d42dbdc2,4dc2211a1c31,aptos,exact_sha256,automatic_exact_match
exact_4b35c1886ae6,aptos__61367c8632a04324,c1f5f01d7615,aptos,exact_sha256,automatic_exact_match
exact_4c6d20bd1050,aptos__929d389ecffea100,a443c4fd489c,aptos,exact_sha256,automatic_exact_match
exact_4c6d20bd1050,aptos__9060f5c1bd8637e0,0111b949947e,aptos,exact_sha256,automatic_exact_match
exact_4c6df4209a30,aptos__d03b064465470065,6d3d1fe6c32a,aptos,exact_sha256,automatic_exact_match
exact_4c6df4209a30,aptos__1acd24488e56e72c,64a4926e85b5,aptos,exact_sha256,automatic_exact_match
exact_4e7b24470e31,aptos__f51b66e0c082cef7,6253f23229b1,aptos,exact_sha256,automatic_exact_match
exact_4e7b24470e31,aptos__231b6020edd5a8f7,76cfe8967f7d,aptos,exact_sha256,automatic_exact_match
exact_4ea0997a132d,aptos__39f71b64f9f6ebbc,d15ca3469b87,aptos,exact_sha256,automatic_exact_match
exact_4ea0997a132d,aptos__06f53d4265d67ecf,ebb40c984d56,aptos,exact_sha256,automatic_exact_match
exact_4f12325e430a,aptos__d35bf7f4d5e948ef,ca7f5caddf96,aptos,exact_sha256,automatic_exact_match
exact_4f12325e430a,aptos__c32d63732a62a5de,b856313783fb,aptos,exact_sha256,automatic_exact_match
exact_50a1c62207f6,aptos__0e52b0ad1bece37f,36b5b3c9fb32,aptos,exact_sha256,automatic_exact_match
exact_50a1c62207f6,aptos__c7aca71f394a9e6c,437fa52cb1cb,aptos,exact_sha256,automatic_exact_match
exact_5169e46c7158,aptos__6adc378bd7ac902e,12e3f5f2cb17,aptos,exact_sha256,automatic_exact_match
exact_5169e46c7158,aptos__dae3ba9531896b84,d567a1a22d33,aptos,exact_sha256,automatic_exact_match
exact_51b4a100cea1,aptos__ba04c99b113a5ef8,e12b67835e03,aptos,exact_sha256,automatic_exact_match
exact_51b4a100cea1,aptos__1838c098818be99a,d02fd631b440,aptos,exact_sha256,automatic_exact_match
exact_51d7cebf8d12,aptos__37cfe812e20333d5,653534ded339,aptos,exact_sha256,automatic_exact_match
exact_51d7cebf8d12,aptos__08a683135838692d,c7f4b034a731,aptos,exact_sha256,automatic_exact_match
exact_538513325d3f,aptos__6b73fa2512e899a9,4393c5bc576a,aptos,exact_sha256,automatic_exact_match
exact_538513325d3f,aptos__135230b2673d7eb0,d8ebfa3568ac,aptos,exact_sha256,automatic_exact_match
exact_54717ae414aa,aptos__b4efa4237abd0a5c,034cb07a550f,aptos,exact_sha256,automatic_exact_match
exact_54717ae414aa,aptos__1a6d5cd7ae127ccc,c8d2d32f7f29,aptos,exact_sha256,automatic_exact_match
exact_54ff09f0c7bb,aptos__667788f06ffeec0a,4fecf87184e6,aptos,exact_sha256,automatic_exact_match
exact_54ff09f0c7bb,aptos__a4a8f57235627a9d,9bf060db8376,aptos,exact_sha256,automatic_exact_match
exact_54ff09f0c7bb,aptos__05ff74d228b2b3c9,f7edc074f06b,aptos,exact_sha256,automatic_exact_match
exact_550eb7480194,aptos__a6c5a62a0dc4c2a0,cb2f3c5d71a7,aptos,exact_sha256,automatic_exact_match
exact_550eb7480194,aptos__482d3bb349e95eab,c43d6133ca37,aptos,exact_sha256,automatic_exact_match
exact_556e70b3bcd9,aptos__38a440c80d6c1dfa,025a169a0bb0,aptos,exact_sha256,automatic_exact_match
exact_556e70b3bcd9,aptos__4d8ee32c2e593190,0952ca2ece1c,aptos,exact_sha256,automatic_exact_match
exact_55ca6183ddcd,aptos__ed0b90f858c53027,1cb814ed6332,aptos,exact_sha256,automatic_exact_match
exact_55ca6183ddcd,aptos__306885a65d43cc8a,a7b0d0c51731,aptos,exact_sha256,automatic_exact_match
exact_56066ea43221,aptos__6c38afc8fc724fa4,54cab3596214,aptos,exact_sha256,automatic_exact_match
exact_56066ea43221,aptos__02b39f02c24f0b6e,0e9d6c70eaf7,aptos,exact_sha256,automatic_exact_match
exact_565cf4f0131c,aptos__3d1c6660e88e9cc5,c9485c38fdd5,aptos,exact_sha256,automatic_exact_match
exact_565cf4f0131c,aptos__e006d493a1a1a600,d07a177c50a2,aptos,exact_sha256,automatic_exact_match
exact_56c7bf4e51db,aptos__b0fe43a36335096b,875a2fc5fe23,aptos,exact_sha256,automatic_exact_match
exact_56c7bf4e51db,aptos__5b48ed1449ad9035,b6e7ae30e458,aptos,exact_sha256,automatic_exact_match
exact_58ed052648a4,aptos__1734d0de41648182,b5c80d0ed0ff,aptos,exact_sha256,automatic_exact_match
exact_58ed052648a4,aptos__b02e90160e9965e9,c849b220a7b6,aptos,exact_sha256,automatic_exact_match
exact_591a413afc3e,aptos__5b5b5329a7dde538,7e160c8b611e,aptos,exact_sha256,automatic_exact_match
exact_591a413afc3e,aptos__341e146d051daede,91b6ebaa3678,aptos,exact_sha256,automatic_exact_match
exact_59216f4d7208,aptos__05f011c5cf9e486e,2cceb07ff706,aptos,exact_sha256,automatic_exact_match
exact_59216f4d7208,aptos__296c0abfc2d75ab2,8a759f94613a,aptos,exact_sha256,automatic_exact_match
exact_5a8efa003d71,aptos__6e3020bb8cab7781,fdd18ccbbdc5,aptos,exact_sha256,automatic_exact_match
exact_5a8efa003d71,aptos__de9b51a8e589f057,bda2d5ca6f7c,aptos,exact_sha256,automatic_exact_match
exact_5adb3e16fb2b,aptos__0fc30ccb5b2a91f1,23d7ca170bdb,aptos,exact_sha256,automatic_exact_match
exact_5adb3e16fb2b,aptos__9e04a7da8e08f003,ea9e0fb6fb0b,aptos,exact_sha256,automatic_exact_match
exact_5b02bb7f1bcc,aptos__2f272f9e4d67b0cf,367c7049929c,aptos,exact_sha256,automatic_exact_match
exact_5b02bb7f1bcc,aptos__d7955e43d0772435,c929f270bd89,aptos,exact_sha256,automatic_exact_match
exact_5b8152a2ee6f,aptos__7239677c34d3da8f,ba735b286d62,aptos,exact_sha256,automatic_exact_match
exact_5b8152a2ee6f,aptos__d87ca6a9885a7034,ed3a0fc5b546,aptos,exact_sha256,automatic_exact_match
exact_5c92394d13ab,aptos__d77a63fee166cd17,98f7136d2e7a,aptos,exact_sha256,automatic_exact_match
exact_5c92394d13ab,aptos__002b1ca907e50b71,e740af6ac6ea,aptos,exact_sha256,automatic_exact_match
exact_5d97f092b6e0,aptos__d1e6706d9887b2ee,417d3908ee21,aptos,exact_sha256,automatic_exact_match
exact_5d97f092b6e0,aptos__6041a42c2bd075a4,9d9de8c9afb5,aptos,exact_sha256,automatic_exact_match
exact_5e327bbcd252,aptos__6e89b753e63064ef,d0b132d2c7ec,aptos,exact_sha256,automatic_exact_match
exact_5e327bbcd252,aptos__f34d2d9d0bb0609f,a3537724b9a5,aptos,exact_sha256,automatic_exact_match
exact_5ef5e2d214fd,aptos__ee4a10d596ad008a,052d9a3fe55a,aptos,exact_sha256,automatic_exact_match
exact_5ef5e2d214fd,aptos__d0a2fe6d48cc3de2,f092448b6617,aptos,exact_sha256,automatic_exact_match
exact_5f77766c55ec,aptos__b7c349ef6ffa110d,e07045d7c5f7,aptos,exact_sha256,automatic_exact_match
exact_5f77766c55ec,aptos__c5b8182d1189a94c,ac601d2e714d,aptos,exact_sha256,automatic_exact_match
exact_6387dfc4a82d,aptos__6bbc797656d7e567,5b76117c4bcb,aptos,exact_sha256,automatic_exact_match
exact_6387dfc4a82d,aptos__db2a74a3a0ba453d,e037643244b7,aptos,exact_sha256,automatic_exact_match
exact_642422f1729b,aptos__cd82209ab57fde3f,65e51e18242b,aptos,exact_sha256,automatic_exact_match
exact_642422f1729b,aptos__ee9c335633c1aaac,cc12453ea915,aptos,exact_sha256,automatic_exact_match
exact_642db247fd9e,aptos__7b0052f647e97970,5dc23e440de3,aptos,exact_sha256,automatic_exact_match
exact_642db247fd9e,aptos__10424578de60aa29,f4d3777f2710,aptos,exact_sha256,automatic_exact_match
exact_6453c389c0cb,aptos__a6d22b3926e90318,1632c4311fc9,aptos,exact_sha256,automatic_exact_match
exact_6453c389c0cb,aptos__8f9914727122b97f,a75bab2463d4,aptos,exact_sha256,automatic_exact_match
exact_65a6430c57b1,messidor2__3430d955419146ce,20051202_54611_0400_PP,messidor2,exact_sha256,automatic_exact_match
exact_65a6430c57b1,messidor2__f6dcc648ad7eba85,20051202_55562_0400_PP,messidor2,exact_sha256,automatic_exact_match
exact_66990654ca8d,aptos__0d1822244874ab26,26e231747848,aptos,exact_sha256,automatic_exact_match
exact_66990654ca8d,aptos__6a7d6fdf705f852b,36ec36c301c1,aptos,exact_sha256,automatic_exact_match
exact_6769c60f901e,aptos__9ad7f2a1cc2c369e,7a3ea1779b13,aptos,exact_sha256,automatic_exact_match
exact_6769c60f901e,aptos__d4cecf76de194b44,a8582e346df0,aptos,exact_sha256,automatic_exact_match
exact_6769c60f901e,aptos__89f90d950b4eca30,c027e5482e8c,aptos,exact_sha256,automatic_exact_match
exact_6769c60f901e,aptos__d6aa6893f1d1df88,ca6842bfcbc9,aptos,exact_sha256,automatic_exact_match
exact_6769c60f901e,aptos__4ae98f492238ee0d,b436e2bfeabe,aptos,exact_sha256,automatic_exact_match
exact_68b60f2d2c1f,aptos__396c5a947bf34195,13ab8db8c700,aptos,exact_sha256,automatic_exact_match
exact_68b60f2d2c1f,aptos__4ba06bd71f4548e7,f785337edf07,aptos,exact_sha256,automatic_exact_match
exact_68ca75c154ee,aptos__d821866b4aa53cf9,34723fae6475,aptos,exact_sha256,automatic_exact_match
exact_68ca75c154ee,aptos__ca173f10c8ed4e1e,9730d08edebd,aptos,exact_sha256,automatic_exact_match
exact_6abdf724a39e,aptos__26359f52bea5bcbd,4ef0b485a7da,aptos,exact_sha256,automatic_exact_match
exact_6abdf724a39e,aptos__e4fee479c8e011ad,291069435ace,aptos,exact_sha256,automatic_exact_match
exact_6b280fd8b34c,aptos__b435ebd3660a7159,821789e9053f,aptos,exact_sha256,automatic_exact_match
exact_6b280fd8b34c,aptos__4477adb9f3ae5105,9c2c32cbda5a,aptos,exact_sha256,automatic_exact_match
exact_6d6bab663252,aptos__adcb028ddcc69eeb,9a3c03a5ad0f,aptos,exact_sha256,automatic_exact_match
exact_6d6bab663252,aptos__ecab9b94975da3e4,f03d3c4ce7fb,aptos,exact_sha256,automatic_exact_match
exact_6e03751bfcf1,aptos__ea11dfb749873a2d,840527bc6628,aptos,exact_sha256,automatic_exact_match
exact_6e03751bfcf1,aptos__416147d968e29ec5,857002ed4e49,aptos,exact_sha256,automatic_exact_match
exact_6f86890e0163,aptos__a12e25682f6615a3,45c39ab9e797,aptos,exact_sha256,automatic_exact_match
exact_6f86890e0163,aptos__4035a6b68149b439,c2ab32a760b6,aptos,exact_sha256,automatic_exact_match
exact_6fe612255421,aptos__3d0cca4c20966583,7d261f986bef,aptos,exact_sha256,automatic_exact_match
exact_6fe612255421,aptos__65eecc0bcc6c6e1e,91cbe1c775ef,aptos,exact_sha256,automatic_exact_match
exact_708f934ffdc4,aptos__041c5991dce96ffc,a3706ce27869,aptos,exact_sha256,automatic_exact_match
exact_708f934ffdc4,aptos__b8d61b8edbd240e9,95c3558dc279,aptos,exact_sha256,automatic_exact_match
exact_71b152794fe9,aptos__643272960940b271,3f47f83217b5,aptos,exact_sha256,automatic_exact_match
exact_71b152794fe9,aptos__a70b7c097cbdbdd2,b081fecd7600,aptos,exact_sha256,automatic_exact_match
exact_72f2fcd52839,aptos__c017cea590a53220,0161338f53cc,aptos,exact_sha256,automatic_exact_match
exact_72f2fcd52839,aptos__194eb83a0b92ea48,cac40227d3b2,aptos,exact_sha256,automatic_exact_match
exact_742408de3c72,aptos__3107540e9f281e44,82ac8463fadd,aptos,exact_sha256,automatic_exact_match
exact_742408de3c72,aptos__b955922fc8def95e,4abdddd0b247,aptos,exact_sha256,automatic_exact_match
exact_746899e2c660,aptos__5135b498f8334a8c,05a5183c92d0,aptos,exact_sha256,automatic_exact_match
exact_746899e2c660,aptos__be9b2c6fd904cc6c,63a03880939c,aptos,exact_sha256,automatic_exact_match
exact_752e0dd04179,aptos__219290f3549734f1,5e7db41b3bee,aptos,exact_sha256,automatic_exact_match
exact_752e0dd04179,aptos__acb85f7968331fbe,a1b12fdce6c3,aptos,exact_sha256,automatic_exact_match
exact_7a5027d1d984,aptos__3d548d3d4a6b6941,db690e2d02f8,aptos,exact_sha256,automatic_exact_match
exact_7a5027d1d984,aptos__3108e79ce6b672ba,8208638fc7cf,aptos,exact_sha256,automatic_exact_match
exact_7ab1cb4d615c,messidor2__a60faa31578e2223,20051202_54744_0400_PP,messidor2,exact_sha256,automatic_exact_match
exact_7ab1cb4d615c,messidor2__b185c310e959fc90,20051202_55582_0400_PP,messidor2,exact_sha256,automatic_exact_match
exact_7c681dc236d8,aptos__dab887b7ba8224f2,b9b6ee2b9453,aptos,exact_sha256,automatic_exact_match
exact_7c681dc236d8,aptos__e8a8ca71737e7654,48cc693a081d,aptos,exact_sha256,automatic_exact_match
exact_7d3b27bcf5ea,aptos__35efe969facba6dc,42b93b574f23,aptos,exact_sha256,automatic_exact_match
exact_7d3b27bcf5ea,aptos__958c7cc83c534d12,74fbfe8eefd2,aptos,exact_sha256,automatic_exact_match
exact_7ef195abba9c,aptos__ac5332b23d8577a0,6c3745a222da,aptos,exact_sha256,automatic_exact_match
exact_7ef195abba9c,aptos__0b22ca01f6bc7f08,eadc57064154,aptos,exact_sha256,automatic_exact_match
exact_7ef195abba9c,aptos__38fd5a4449ac7f75,1927c7ed6570,aptos,exact_sha256,automatic_exact_match
exact_7f9682a39bdb,aptos__9a61c281f087640b,1438288bb2e1,aptos,exact_sha256,automatic_exact_match
exact_7f9682a39bdb,aptos__b8a5a4bcd8bc605d,e44c7c93e116,aptos,exact_sha256,automatic_exact_match
exact_80b24876f0a4,aptos__7fdba2ad80602811,3e3a3955b9c5,aptos,exact_sha256,automatic_exact_match
exact_80b24876f0a4,aptos__aeb72ab5ae89fd47,40ea59a0228b,aptos,exact_sha256,automatic_exact_match
exact_8137e9b4addf,aptos__4834ac0b71b32606,5905a9b06a73,aptos,exact_sha256,automatic_exact_match
exact_8137e9b4addf,aptos__29820a3afb653439,779f70ddc126,aptos,exact_sha256,automatic_exact_match
exact_82c54b107310,aptos__633c149724c456f7,5eb311bcb5f9,aptos,exact_sha256,automatic_exact_match
exact_82c54b107310,aptos__358e24009fdc6e39,a9e984b57556,aptos,exact_sha256,automatic_exact_match
exact_8391f55caca6,aptos__823a926f82c755f1,1a1b4b2450ca,aptos,exact_sha256,automatic_exact_match
exact_8391f55caca6,aptos__b9a003df54d3316e,92b0d27fc0ec,aptos,exact_sha256,automatic_exact_match
exact_83db42b71932,aptos__fa52b451b943d9cf,3f44d749cd0b,aptos,exact_sha256,automatic_exact_match
exact_83db42b71932,aptos__acd7484bed25a5c7,f9e1c439d4c8,aptos,exact_sha256,automatic_exact_match
exact_83ecf3adb725,aptos__4df144cf7a9c3242,48543037d0b3,aptos,exact_sha256,automatic_exact_match
exact_83ecf3adb725,aptos__e12c4b496e64ea9b,086727c22b75,aptos,exact_sha256,automatic_exact_match
exact_85db4dca8a74,aptos__3ecb838649c2cdf2,aad0c0ee9268,aptos,exact_sha256,automatic_exact_match
exact_85db4dca8a74,aptos__5efe1b1e5e41d3a3,fcd166e6e4b5,aptos,exact_sha256,automatic_exact_match
exact_8982146e6a9e,aptos__a0464f14a3510811,842d697884f6,aptos,exact_sha256,automatic_exact_match
exact_8982146e6a9e,aptos__c347f2b9450a8158,8a2b969112a7,aptos,exact_sha256,automatic_exact_match
exact_8a679a81fcb5,aptos__92eb5c71ed7d4a60,b3d12069e1c5,aptos,exact_sha256,automatic_exact_match
exact_8a679a81fcb5,aptos__9b85b93dfcefc4d0,8d72498b9e30,aptos,exact_sha256,automatic_exact_match
exact_8b139c40de18,messidor2__7fce636c0aa030ab,20051202_54555_0400_PP,messidor2,exact_sha256,automatic_exact_match
exact_8b139c40de18,messidor2__f14e7d089f0d4e91,20051202_55484_0400_PP,messidor2,exact_sha256,automatic_exact_match
exact_8cb21586d9fc,aptos__d2142963fc0a2fb8,681c3c115684,aptos,exact_sha256,automatic_exact_match
exact_8cb21586d9fc,aptos__e62f714ed171c811,0df488d86631,aptos,exact_sha256,automatic_exact_match
exact_8d91a5999962,aptos__0b83216c2f185b4d,9f1efb799b7b,aptos,exact_sha256,automatic_exact_match
exact_8d91a5999962,aptos__efef055944b3707c,cd4e7f9fa1a9,aptos,exact_sha256,automatic_exact_match
exact_8dfd5a44445d,aptos__98f7142dbdc98666,2a3a1ed1c285,aptos,exact_sha256,automatic_exact_match
exact_8dfd5a44445d,aptos__6aeb6a70f2a99c4e,2b21d293fdf2,aptos,exact_sha256,automatic_exact_match
exact_8ebc869d916a,aptos__27a20ef358752774,7b691d9ced34,aptos,exact_sha256,automatic_exact_match
exact_8ebc869d916a,aptos__d6d3ee5cf16db235,d51c2153d151,aptos,exact_sha256,automatic_exact_match
exact_9064c844a2ec,aptos__b2af0f5bc0ea6e22,9f37c98b8187,aptos,exact_sha256,automatic_exact_match
exact_9064c844a2ec,aptos__dda0f396a12234a9,cbfc17046ade,aptos,exact_sha256,automatic_exact_match
exact_90f186b42615,aptos__34b901623e4e8140,bfefa7344e7d,aptos,exact_sha256,automatic_exact_match
exact_90f186b42615,aptos__c897fdc76c6a96b4,d85ea1220a03,aptos,exact_sha256,automatic_exact_match
exact_90f186b42615,aptos__f67ca2a1d2ea9492,2f346c794823,aptos,exact_sha256,automatic_exact_match
exact_91a538ad08b4,aptos__f2e4e84ec7c1e1f6,27fca9f12b3c,aptos,exact_sha256,automatic_exact_match
exact_91a538ad08b4,aptos__e2316237d98b6f59,f535da2b9102,aptos,exact_sha256,automatic_exact_match
exact_920cf6161212,aptos__fcc33307f1ca35a1,cd3fd04d72f5,aptos,exact_sha256,automatic_exact_match
exact_920cf6161212,aptos__d46e1260da5ddf2e,d81b6ed83bc2,aptos,exact_sha256,automatic_exact_match
exact_92d954a9570e,aptos__57581cf61bd1ee42,40140a925c43,aptos,exact_sha256,automatic_exact_match
exact_92d954a9570e,aptos__0da9dbc2fab648d1,6d0df0ec5fd7,aptos,exact_sha256,automatic_exact_match
exact_932b86281c72,aptos__a48202aa18b30e31,9b093fe95d6b,aptos,exact_sha256,automatic_exact_match
exact_932b86281c72,aptos__ac30de2d8d5223b6,1278c303e03e,aptos,exact_sha256,automatic_exact_match
exact_936a4edaf03b,aptos__f7fd1b83706babb1,a2d349f567a6,aptos,exact_sha256,automatic_exact_match
exact_936a4edaf03b,aptos__1734aacf87e57012,5a1dd8fa44e9,aptos,exact_sha256,automatic_exact_match
exact_943aeea5df49,aptos__ae2caa84227fa277,d4be0403e6ab,aptos,exact_sha256,automatic_exact_match
exact_943aeea5df49,aptos__1345ce4084d6cb27,4efa03e7d043,aptos,exact_sha256,automatic_exact_match
exact_95f40dc49ce4,aptos__0a131729617fc611,a664d2055886,aptos,exact_sha256,automatic_exact_match
exact_95f40dc49ce4,aptos__20371afc9ba0174e,c8beb20d5a63,aptos,exact_sha256,automatic_exact_match
exact_9602e0e2560c,aptos__547a37daefbcab01,3dbfbc11e105,aptos,exact_sha256,automatic_exact_match
exact_9602e0e2560c,aptos__ebc7a49330370998,d0079cc188e9,aptos,exact_sha256,automatic_exact_match
exact_97037a95ddc7,aptos__7adebc16a67da79e,f5a8c6426a71,aptos,exact_sha256,automatic_exact_match
exact_97037a95ddc7,aptos__8a3c141e6ca95d26,720267b6630b,aptos,exact_sha256,automatic_exact_match
exact_985f9b852452,aptos__4d92faa969f29783,14e3f84445f7,aptos,exact_sha256,automatic_exact_match
exact_985f9b852452,aptos__2561ec55ff9234ae,f0f89314e860,aptos,exact_sha256,automatic_exact_match
exact_99b7cc4501f2,aptos__6234117f0db8b4c0,ca891d37a43c,aptos,exact_sha256,automatic_exact_match
exact_99b7cc4501f2,aptos__4e8e5e766abf1fc1,dc3c0d8ee20b,aptos,exact_sha256,automatic_exact_match
exact_9a6f5669d8ce,aptos__72b09fbb865e0de2,9df31421cdd2,aptos,exact_sha256,automatic_exact_match
exact_9a6f5669d8ce,aptos__da23b1e3b048c4e7,58d6d0115c72,aptos,exact_sha256,automatic_exact_match
exact_9c65ab7f50a5,aptos__2bc5841cf5eee5f8,00cb6555d108,aptos,exact_sha256,automatic_exact_match
exact_9c65ab7f50a5,aptos__8e30f86042547879,ca25745942b0,aptos,exact_sha256,automatic_exact_match
exact_9da7d4f39c3a,aptos__2ddb5602b97b0805,1c5e6cdc7ee1,aptos,exact_sha256,automatic_exact_match
exact_9da7d4f39c3a,aptos__1e1ab6293e2e2bd1,3c53198519f7,aptos,exact_sha256,automatic_exact_match
exact_a160442f2acb,aptos__97d15b57096ccdb3,f3a88d3026dc,aptos,exact_sha256,automatic_exact_match
exact_a160442f2acb,aptos__a8e77c929d0fb538,c0f1ea4d0215,aptos,exact_sha256,automatic_exact_match
exact_a1c475ac1e4c,aptos__8a726003afef7142,33ffddea8c6e,aptos,exact_sha256,automatic_exact_match
exact_a1c475ac1e4c,aptos__4e355467c2e8b138,f5b4f7bc69e7,aptos,exact_sha256,automatic_exact_match
exact_a35274269998,aptos__a0bf877657274152,3c72f580d4ba,aptos,exact_sha256,automatic_exact_match
exact_a35274269998,aptos__ea3c30273b2bdf4b,652a1edabdb7,aptos,exact_sha256,automatic_exact_match
exact_a4c3f4b18afb,aptos__f20ebf5f0fb2231c,9859e2a6cc24,aptos,exact_sha256,automatic_exact_match
exact_a4c3f4b18afb,aptos__a39a88d3ad2d8d81,774cafde22b5,aptos,exact_sha256,automatic_exact_match
exact_a51fd29f08fd,aptos__4e86b3b42049bd10,3cd801ffdbf0,aptos,exact_sha256,automatic_exact_match
exact_a51fd29f08fd,aptos__06bcf9026fb8ecd1,7525ebb3434d,aptos,exact_sha256,automatic_exact_match
exact_a66fb1c8e79f,aptos__f0e7438dfc0f781b,22895c89792f,aptos,exact_sha256,automatic_exact_match
exact_a66fb1c8e79f,aptos__519f6029bbb596d9,bd5013540a13,aptos,exact_sha256,automatic_exact_match
exact_a7a272cafcea,aptos__160f2fa8c986e492,b22354b5f94b,aptos,exact_sha256,automatic_exact_match
exact_a7a272cafcea,aptos__96526f902ee76616,636997a49fcb,aptos,exact_sha256,automatic_exact_match
exact_a87b8b656ab9,aptos__8641ecabca9bb5ac,7877be80901c,aptos,exact_sha256,automatic_exact_match
exact_a87b8b656ab9,aptos__37d6f6e35f3cbd71,ee2c2a5f7d0e,aptos,exact_sha256,automatic_exact_match
exact_a9594c18a26a,aptos__3d41d0d8c369f702,144a1a426137,aptos,exact_sha256,automatic_exact_match
exact_a9594c18a26a,aptos__39fa7f7f9b06efa4,2febce215663,aptos,exact_sha256,automatic_exact_match
exact_aabef80de488,aptos__12de973435854fb5,8dc22e65c06f,aptos,exact_sha256,automatic_exact_match
exact_aabef80de488,aptos__74c2fa8af1d1dcdf,d463abce569a,aptos,exact_sha256,automatic_exact_match
exact_ac430d2b7a47,aptos__f41c6b3155f5bc12,1dfbede13143,aptos,exact_sha256,automatic_exact_match
exact_ac430d2b7a47,aptos__e0640cd9b42a30f8,38fe9f854046,aptos,exact_sha256,automatic_exact_match
exact_adc9053a979f,aptos__5725f2404fed241b,8446826853d0,aptos,exact_sha256,automatic_exact_match
exact_adc9053a979f,aptos__0932658eb85a98ac,8ef2eb8c51c4,aptos,exact_sha256,automatic_exact_match
exact_af03aacb70f5,aptos__d7df36e8beabd707,c406325360b1,aptos,exact_sha256,automatic_exact_match
exact_af03aacb70f5,aptos__2a5da8135c6dadb3,92c773457ab2,aptos,exact_sha256,automatic_exact_match
exact_af0e38737976,aptos__3d6eb65500d84e03,c4e8b1ec8893,aptos,exact_sha256,automatic_exact_match
exact_af0e38737976,aptos__2343afd25db5f112,cf00f7ff4409,aptos,exact_sha256,automatic_exact_match
exact_afece8afa5bd,aptos__3f8ba07bec73d2ca,4478b870e549,aptos,exact_sha256,automatic_exact_match
exact_afece8afa5bd,aptos__7e896fc7054968c8,ccba4cf55bf5,aptos,exact_sha256,automatic_exact_match
exact_b24b001545e8,aptos__ef91adf2a8f820d1,7a0cff4c24b2,aptos,exact_sha256,automatic_exact_match
exact_b24b001545e8,aptos__86f0c3c41c1782f2,86baef833ae0,aptos,exact_sha256,automatic_exact_match
exact_b422b59189a5,aptos__630e6f6f2634a67f,f1a761c68559,aptos,exact_sha256,automatic_exact_match
exact_b422b59189a5,aptos__0ac1821b418df278,ff52392372d3,aptos,exact_sha256,automatic_exact_match
exact_b68cdebdfdef,aptos__70da8356319cce83,e150935f66a6,aptos,exact_sha256,automatic_exact_match
exact_b68cdebdfdef,aptos__28568eb79891207c,96c21d31212c,aptos,exact_sha256,automatic_exact_match
exact_b756c4b6a030,aptos__c1e8800270634e06,64678182d8a8,aptos,exact_sha256,automatic_exact_match
exact_b756c4b6a030,aptos__82c7f1c294416698,6b00cb764237,aptos,exact_sha256,automatic_exact_match
exact_b7fae2c893ae,aptos__7a1eee1f1ac93a1e,04ac765f91a1,aptos,exact_sha256,automatic_exact_match
exact_b7fae2c893ae,aptos__8adba34bbccc6ea0,3044022c6969,aptos,exact_sha256,automatic_exact_match
exact_b8a321cf9a10,aptos__a381b17c3f995f70,07419eddd6be,aptos,exact_sha256,automatic_exact_match
exact_b8a321cf9a10,aptos__8e87cb5abdbe8e16,81b0a2651c45,aptos,exact_sha256,automatic_exact_match
exact_b8a877da0fb5,aptos__e600dc4213f45a73,48c49f662f7d,aptos,exact_sha256,automatic_exact_match
exact_b8a877da0fb5,aptos__1350c2249c0f6d3e,6cb98da77e3e,aptos,exact_sha256,automatic_exact_match
exact_bac8ae482885,aptos__80bcd3d07e80ac97,a505981d1cab,aptos,exact_sha256,automatic_exact_match
exact_bac8ae482885,aptos__1aed59814fd174d7,d994203deb64,aptos,exact_sha256,automatic_exact_match
exact_bad7657bbfdc,aptos__c45e4dab5c14522a,2923971566fe,aptos,exact_sha256,automatic_exact_match
exact_bad7657bbfdc,aptos__c526e320c42be127,badb5ff8d3c7,aptos,exact_sha256,automatic_exact_match
exact_bb359c93a210,aptos__46949c3918850c69,0fb560f9adb2,aptos,exact_sha256,automatic_exact_match
exact_bb359c93a210,aptos__76b6c169c570b791,49a91567632e,aptos,exact_sha256,automatic_exact_match
exact_bc97613ffb5e,aptos__4ecdfd473e39eadb,bc73ce76ec43,aptos,exact_sha256,automatic_exact_match
exact_bc97613ffb5e,aptos__99f268e694cd0265,0299d97f31f7,aptos,exact_sha256,automatic_exact_match
exact_bd296f87e738,aptos__3ed383db6632c5e5,7d1b40fdbd86,aptos,exact_sha256,automatic_exact_match
exact_bd296f87e738,aptos__132f68b9a8cb2db0,c57e87ac7d8b,aptos,exact_sha256,automatic_exact_match
exact_bd37f38536df,aptos__2dd489e5d850d7a6,68332fdcaa70,aptos,exact_sha256,automatic_exact_match
exact_bd37f38536df,aptos__0617e1967bb5cc6a,d801c0a66738,aptos,exact_sha256,automatic_exact_match
exact_bd505cde21ec,aptos__9d44f9bd426ace0b,b9127e38d9b9,aptos,exact_sha256,automatic_exact_match
exact_bd505cde21ec,aptos__edcc7ade3cae5218,e39b627cf648,aptos,exact_sha256,automatic_exact_match
exact_be36a90b3a0c,aptos__326fd4b64d85f81b,80feb1f7ca5e,aptos,exact_sha256,automatic_exact_match
exact_be36a90b3a0c,aptos__b52979eb2baa4736,878a3a097436,aptos,exact_sha256,automatic_exact_match
exact_be82994580fd,aptos__bf8547f527f8ae68,9b418ce42c13,aptos,exact_sha256,automatic_exact_match
exact_be82994580fd,aptos__6b06b6c102daeae9,be161517d3ac,aptos,exact_sha256,automatic_exact_match
exact_beefc1c4045b,aptos__55d6770ab8984997,9d98a0b585f2,aptos,exact_sha256,automatic_exact_match
exact_beefc1c4045b,aptos__917664255b6628d5,34de3550c1be,aptos,exact_sha256,automatic_exact_match
exact_c00157eecaef,aptos__8bd1d1dfc656f69d,be21d8b60e2a,aptos,exact_sha256,automatic_exact_match
exact_c00157eecaef,aptos__4d8a95db51d9c769,096d6bb6546b,aptos,exact_sha256,automatic_exact_match
exact_c08476bb3a8f,aptos__714f9a3b8fe45879,3f5b4c2948e8,aptos,exact_sha256,automatic_exact_match
exact_c08476bb3a8f,aptos__d595804e81b617af,d087cc94e803,aptos,exact_sha256,automatic_exact_match
exact_c324ddc6cf56,aptos__7d82bd9b4e7ffb95,bf9cba745efc,aptos,exact_sha256,automatic_exact_match
exact_c324ddc6cf56,aptos__ba68dcf6210b1a68,2ffd44200e6f,aptos,exact_sha256,automatic_exact_match
exact_c433ea6175ee,aptos__ae12318b55d84419,026dcd9af143,aptos,exact_sha256,automatic_exact_match
exact_c433ea6175ee,aptos__5634905107af37d2,98e8adcf085c,aptos,exact_sha256,automatic_exact_match
exact_c434edb4da84,aptos__2b6965a0db8ec3c5,bacfb1029f6b,aptos,exact_sha256,automatic_exact_match
exact_c434edb4da84,aptos__091bb31fc024ddd0,e12d41e7b221,aptos,exact_sha256,automatic_exact_match
exact_c61170047978,aptos__035c1181954f6d1e,1f63d44d9e3c,aptos,exact_sha256,automatic_exact_match
exact_c61170047978,aptos__5805b6eb73b69ecb,445fec0912db,aptos,exact_sha256,automatic_exact_match
exact_c6c595662a16,aptos__9dc0f6c9010c03dc,89b044cbaf85,aptos,exact_sha256,automatic_exact_match
exact_c6c595662a16,aptos__7840eb7a14c201a9,2febc332f628,aptos,exact_sha256,automatic_exact_match
exact_c741bd577687,aptos__70c6212fffaa39e6,6e92b1c5ac8e,aptos,exact_sha256,automatic_exact_match
exact_c741bd577687,aptos__3182f027f1b9b14f,9c52b87d01f1,aptos,exact_sha256,automatic_exact_match
exact_c760254d87c5,aptos__2556a41a2f646bc4,2f7789c1e046,aptos,exact_sha256,automatic_exact_match
exact_c760254d87c5,aptos__e6cf2a44e530d9ac,a8e88d4891c4,aptos,exact_sha256,automatic_exact_match
exact_c843e6737ca5,aptos__bca8bfb338313837,191a711852bd,aptos,exact_sha256,automatic_exact_match
exact_c843e6737ca5,aptos__5ee7ee2656d2e20b,71d124893573,aptos,exact_sha256,automatic_exact_match
exact_c8c263fd39bb,aptos__00b09315cf4a8414,9c5dd3612f0c,aptos,exact_sha256,automatic_exact_match
exact_c8c263fd39bb,aptos__916a603ce48c866e,c9f0dc2c8b43,aptos,exact_sha256,automatic_exact_match
exact_c8fec27084b1,aptos__923f6910b54554d0,613028ede6a0,aptos,exact_sha256,automatic_exact_match
exact_c8fec27084b1,aptos__062008d420f3c8ea,7d353a9d3218,aptos,exact_sha256,automatic_exact_match
exact_c91fc9fd8543,aptos__bf88c7bafd761d82,60f15dd68d30,aptos,exact_sha256,automatic_exact_match
exact_c91fc9fd8543,aptos__0a718e7ea7e39104,fcc6aa6755e6,aptos,exact_sha256,automatic_exact_match
exact_c9909caea061,aptos__89ec46fdea4e408f,9b32e8ef0ca0,aptos,exact_sha256,automatic_exact_match
exact_c9909caea061,aptos__747774b5fed38e59,a15652b22ab8,aptos,exact_sha256,automatic_exact_match
exact_ca0d1a4de89f,aptos__c5134366c3cfc713,a0cd7bffdaa0,aptos,exact_sha256,automatic_exact_match
exact_ca0d1a4de89f,aptos__ff9ae3db3cf3f801,83c31eeeca0e,aptos,exact_sha256,automatic_exact_match
exact_cc3a7fd6160d,aptos__ea4b453b7fae5a9f,d868acdccb5b,aptos,exact_sha256,automatic_exact_match
exact_cc3a7fd6160d,aptos__a63f64f56c54c392,85f608bcb50a,aptos,exact_sha256,automatic_exact_match
exact_ce1c4b55ae76,aptos__eeb2521d83805b39,ca7570c5925c,aptos,exact_sha256,automatic_exact_match
exact_ce1c4b55ae76,aptos__9ed40b41d0db31a1,a8df9599a564,aptos,exact_sha256,automatic_exact_match
exact_ce91ee473cd5,aptos__d98fe535d9e4726e,9f436886e056,aptos,exact_sha256,automatic_exact_match
exact_ce91ee473cd5,aptos__6731d9a6c7a1b81c,4d00167f2d05,aptos,exact_sha256,automatic_exact_match
exact_d0931bc78ad4,aptos__6ab250065ac4b307,7ae69d22075a,aptos,exact_sha256,automatic_exact_match
exact_d0931bc78ad4,aptos__0c5eb2a989cfdc0a,c475aefa6255,aptos,exact_sha256,automatic_exact_match
exact_d0a3c33482f9,aptos__59bfc3170b22d9ad,38487e1a5b1f,aptos,exact_sha256,automatic_exact_match
exact_d0a3c33482f9,aptos__4b6887a01c9702d4,b376def52ccc,aptos,exact_sha256,automatic_exact_match
exact_d16197d684db,aptos__fe54db0f56aa389f,2376e5415458,aptos,exact_sha256,automatic_exact_match
exact_d16197d684db,aptos__3cd6061855ced1ce,be644233f515,aptos,exact_sha256,automatic_exact_match
exact_d215362d86cc,aptos__ddbeb5198577c295,135575dc57c9,aptos,exact_sha256,automatic_exact_match
exact_d215362d86cc,aptos__faf11c29cc4cadf1,2c2aa057afc5,aptos,exact_sha256,automatic_exact_match
exact_d241d54c5e9f,aptos__525f44c1a9d457f8,eed4afc8ec83,aptos,exact_sha256,automatic_exact_match
exact_d241d54c5e9f,aptos__6c4db0b7ae46052a,cb2eaa6e87ad,aptos,exact_sha256,automatic_exact_match
exact_d249c6878133,aptos__feba515763689d44,906d02fb822d,aptos,exact_sha256,automatic_exact_match
exact_d249c6878133,aptos__e3a0aea0a7481a19,a4012932e18d,aptos,exact_sha256,automatic_exact_match
exact_d29e2d096aa9,aptos__5fda01f6b85330c7,fa3e544a7401,aptos,exact_sha256,automatic_exact_match
exact_d29e2d096aa9,aptos__3490af9916a9f46f,5110fe0bf9cb,aptos,exact_sha256,automatic_exact_match
exact_d45fd3b93f0f,aptos__0274daa39499e217,8fc09fecd22f,aptos,exact_sha256,automatic_exact_match
exact_d45fd3b93f0f,aptos__75e839befea24112,d1cad012a254,aptos,exact_sha256,automatic_exact_match
exact_d6b99dd6fa58,aptos__0c03152257e614c4,d28bd830c171,aptos,exact_sha256,automatic_exact_match
exact_d6b99dd6fa58,aptos__4be3b08f6bcec1f5,f9ecf1795804,aptos,exact_sha256,automatic_exact_match
exact_d874af806a17,aptos__0102bb630dc7fb46,1638404f385c,aptos,exact_sha256,automatic_exact_match
exact_d874af806a17,aptos__d5863f28171f890e,576e189d23d4,aptos,exact_sha256,automatic_exact_match
exact_d949f1b5ffb3,aptos__343e25a98c4369ab,ce887b196c23,aptos,exact_sha256,automatic_exact_match
exact_d949f1b5ffb3,aptos__40dceb5445c7311d,e7a7187066ad,aptos,exact_sha256,automatic_exact_match
exact_d9cabe48440b,aptos__4e1409e11028eea0,2fb539602f57,aptos,exact_sha256,automatic_exact_match
exact_d9cabe48440b,aptos__b9f04e4e54c8c17f,80aa9b30d2f9,aptos,exact_sha256,automatic_exact_match
exact_dab330852a83,messidor2__b60cec62a78f3be9,20051202_54547_0400_PP,messidor2,exact_sha256,automatic_exact_match
exact_dab330852a83,messidor2__a83b268a1054f935,20051202_55498_0400_PP,messidor2,exact_sha256,automatic_exact_match
exact_dc25898c5d4d,aptos__576de121edfa4cbf,3fd7df6099e3,aptos,exact_sha256,automatic_exact_match
exact_dc25898c5d4d,aptos__248aa6c1d8803532,a3b2e93d058b,aptos,exact_sha256,automatic_exact_match
exact_dc836f5895ca,aptos__c9bcad516fc01a60,e8d1c6c07cf2,aptos,exact_sha256,automatic_exact_match
exact_dc836f5895ca,aptos__bd17e17dedf15d10,f23902998c21,aptos,exact_sha256,automatic_exact_match
exact_dd37a19092c9,aptos__10a9b76ef49085c2,0cb14014117d,aptos,exact_sha256,automatic_exact_match
exact_dd37a19092c9,aptos__0e78489f8d9ff706,4a44cc840ebe,aptos,exact_sha256,automatic_exact_match
exact_dea65469197f,aptos__ac3392ab7145f09b,67c03349bb31,aptos,exact_sha256,automatic_exact_match
exact_dea65469197f,aptos__cd6d473cad767587,98c2c42a0317,aptos,exact_sha256,automatic_exact_match
exact_df235130ff41,aptos__e36b9631ea942984,d7e5fe5245e0,aptos,exact_sha256,automatic_exact_match
exact_df235130ff41,aptos__00b69b6819d7b5cc,ca9d987ffde2,aptos,exact_sha256,automatic_exact_match
exact_df7f23f5262e,aptos__93dd9af6a37397d7,1466c7e5936e,aptos,exact_sha256,automatic_exact_match
exact_df7f23f5262e,aptos__2a412c6a6d343e0c,23c5eba92749,aptos,exact_sha256,automatic_exact_match
exact_e05844b57243,aptos__a8ef16b8a1c5b06b,cd93a472e5cd,aptos,exact_sha256,automatic_exact_match
exact_e05844b57243,aptos__13c251488f0557f1,948c75fbe02f,aptos,exact_sha256,automatic_exact_match
exact_e0cc06ec7bda,aptos__119ad3bd6b63345c,42a850acd2ac,aptos,exact_sha256,automatic_exact_match
exact_e0cc06ec7bda,aptos__e8151d2a3c392b3a,51131b48f9d4,aptos,exact_sha256,automatic_exact_match
exact_e0cc06ec7bda,aptos__dabc974a13e4f192,8cb6b0efaaac,aptos,exact_sha256,automatic_exact_match
exact_e0cc06ec7bda,aptos__4ef9401d0c637a62,848091b1f5d0,aptos,exact_sha256,automatic_exact_match
exact_e1694459750a,aptos__760e51c3fb0b08b8,310c27067ac0,aptos,exact_sha256,automatic_exact_match
exact_e1694459750a,aptos__86c2565ae0ea630f,f7dd2700a3d5,aptos,exact_sha256,automatic_exact_match
exact_e5154a700947,aptos__72fe1c0ce97b508a,af3b0115aad1,aptos,exact_sha256,automatic_exact_match
exact_e5154a700947,aptos__25dcd26476e654b0,4a01c849bdeb,aptos,exact_sha256,automatic_exact_match
exact_e582676144ea,aptos__27db54b668c0c12f,1e8a1fdee5b9,aptos,exact_sha256,automatic_exact_match
exact_e582676144ea,aptos__2e2b48301e09087f,a47432cd41e7,aptos,exact_sha256,automatic_exact_match
exact_e582676144ea,aptos__41c25e97d4c2ad2c,b8ebedd382de,aptos,exact_sha256,automatic_exact_match
exact_e582676144ea,aptos__14b76d5872e0f47c,9f7eaf224b00,aptos,exact_sha256,automatic_exact_match
exact_e7b62b51374c,aptos__b99ecb368a5fce65,72595230840c,aptos,exact_sha256,automatic_exact_match
exact_e7b62b51374c,aptos__cbde6bfe64b42935,8f4ffa0d4f74,aptos,exact_sha256,automatic_exact_match
exact_e82cf7901831,aptos__9b21d8e83bde1220,0d0a21fd354f,aptos,exact_sha256,automatic_exact_match
exact_e82cf7901831,aptos__6e88136201adf5c3,1282d33e6fbc,aptos,exact_sha256,automatic_exact_match
exact_e9b292fc12ed,aptos__0ab683d3b090dcea,1ee1eb7943db,aptos,exact_sha256,automatic_exact_match
exact_e9b292fc12ed,aptos__2a36277fb95f1e89,c2d2b4f536da,aptos,exact_sha256,automatic_exact_match
exact_e9f49343a33f,aptos__581738914686b111,012a242ac6ff,aptos,exact_sha256,automatic_exact_match
exact_e9f49343a33f,aptos__6e1c351bed1874f4,1f07dae3cadb,aptos,exact_sha256,automatic_exact_match
exact_eaeef761a5aa,aptos__1bf3e2b0104e6d95,5879285f9d8d,aptos,exact_sha256,automatic_exact_match
exact_eaeef761a5aa,aptos__a33d7c688b365b72,6f43a3d1ed0a,aptos,exact_sha256,automatic_exact_match
exact_eb62fc8eca98,aptos__58bad1d0be593346,4d7d6928534a,aptos,exact_sha256,automatic_exact_match
exact_eb62fc8eca98,aptos__3d08453370cda474,94b1d8ad35ec,aptos,exact_sha256,automatic_exact_match
exact_ebae39b7e639,aptos__7c6a18e16478aa6c,1c9c583c10bf,aptos,exact_sha256,automatic_exact_match
exact_ebae39b7e639,aptos__3c89c2ffc924763a,ea15a290eb96,aptos,exact_sha256,automatic_exact_match
exact_ec008b381160,aptos__33c3bed9b69e554b,46cdc8b685bd,aptos,exact_sha256,automatic_exact_match
exact_ec008b381160,aptos__9d0ea0e31ff57ec8,e4151feb8443,aptos,exact_sha256,automatic_exact_match
exact_ec71d1b6d6e1,aptos__16e7c1e54fa642a6,0c7e82daf5a0,aptos,exact_sha256,automatic_exact_match
exact_ec71d1b6d6e1,aptos__0b9fa9f758cec629,3e86335bc2fd,aptos,exact_sha256,automatic_exact_match
exact_ec96f76568f5,aptos__1b51a28992254e48,bb7e0a2544cd,aptos,exact_sha256,automatic_exact_match
exact_ec96f76568f5,aptos__fbd881ce2288058d,e76a9cbb2a8c,aptos,exact_sha256,automatic_exact_match
exact_ed97344a28af,aptos__f4e39d6e15b7c172,62ecdc90dd42,aptos,exact_sha256,automatic_exact_match
exact_ed97344a28af,aptos__f2441e608d0b71b5,3a23f37fc79e,aptos,exact_sha256,automatic_exact_match
exact_edaa82bc4214,aptos__dd4061a587f9c8a9,65e530ee2e79,aptos,exact_sha256,automatic_exact_match
exact_edaa82bc4214,aptos__72af0b8987b0af7e,ec727873cdb7,aptos,exact_sha256,automatic_exact_match
exact_ee1d40cbcefa,aptos__e60f5c3c2440e64b,70f5caf5f305,aptos,exact_sha256,automatic_exact_match
exact_ee1d40cbcefa,aptos__3bfdfc789254b62e,42ae83e0089b,aptos,exact_sha256,automatic_exact_match
exact_f17a80da3380,aptos__bcba811b84d961b6,19722bff5a09,aptos,exact_sha256,automatic_exact_match
exact_f17a80da3380,aptos__33c264a16a2a7586,19e350c7c83c,aptos,exact_sha256,automatic_exact_match
exact_f259156c8d09,aptos__ec9faaebd3224448,365f8c01d994,aptos,exact_sha256,automatic_exact_match
exact_f259156c8d09,aptos__be8cf29563fea528,1388399910c7,aptos,exact_sha256,automatic_exact_match
exact_f363329e50ba,aptos__17a96d38b3f6383c,4cae247d9909,aptos,exact_sha256,automatic_exact_match
exact_f363329e50ba,aptos__eb74d269e1666c33,d6301df5abf1,aptos,exact_sha256,automatic_exact_match
exact_f62e1dd9c7cb,aptos__aeaab288c304b850,dc6fa1b38b83,aptos,exact_sha256,automatic_exact_match
exact_f62e1dd9c7cb,aptos__31898658d389d842,4d80c835d862,aptos,exact_sha256,automatic_exact_match
exact_f68d4db7f038,aptos__4e5b08cd2ff1d380,42985aa2e32f,aptos,exact_sha256,automatic_exact_match
exact_f68d4db7f038,aptos__8c983d0ddb69cb57,6165081b9021,aptos,exact_sha256,automatic_exact_match
exact_f6bd1fdaa119,aptos__2e5e3383eddcb1f3,417f408ee8e0,aptos,exact_sha256,automatic_exact_match
exact_f6bd1fdaa119,aptos__1009c41673654c99,600b2b469a2f,aptos,exact_sha256,automatic_exact_match
exact_f6be51aadc6a,aptos__da61ae117d1f0874,13e28ec4534a,aptos,exact_sha256,automatic_exact_match
exact_f6be51aadc6a,aptos__74e6fa1c4e409c6b,6543b4168f98,aptos,exact_sha256,automatic_exact_match
exact_f77e824ed596,aptos__f942358366af4e77,b13d72ceea26,aptos,exact_sha256,automatic_exact_match
exact_f77e824ed596,aptos__9209ba623c00d8b8,da0a1043abf7,aptos,exact_sha256,automatic_exact_match
exact_f85a31c66c8c,aptos__5ff715bc692012fd,80a02014b418,aptos,exact_sha256,automatic_exact_match
exact_f85a31c66c8c,aptos__9091ecb8844ae5d9,7d593a4da56f,aptos,exact_sha256,automatic_exact_match
exact_f8dc5d2b1b23,aptos__9af0b1aa38763701,545df1bbcd61,aptos,exact_sha256,automatic_exact_match
exact_f8dc5d2b1b23,aptos__8cb7394854ae6852,cd41966d03ef,aptos,exact_sha256,automatic_exact_match
exact_f90a15fbea7e,aptos__40126054dabcaf6a,b8ac328009e0,aptos,exact_sha256,automatic_exact_match
exact_f90a15fbea7e,aptos__a23aeb9648886710,ff0740cb484a,aptos,exact_sha256,automatic_exact_match
exact_f94418614565,aptos__dc88345f12c19f6b,a8b637abd96b,aptos,exact_sha256,automatic_exact_match
exact_f94418614565,aptos__4807e57252159f43,e2c3b037413b,aptos,exact_sha256,automatic_exact_match
exact_fa85dd946097,aptos__b716d47d01d293ea,111898ab463d,aptos,exact_sha256,automatic_exact_match
exact_fa85dd946097,aptos__3822e3c091dc74c9,33105f9b3a04,aptos,exact_sha256,automatic_exact_match
exact_fab7d9137c42,aptos__65390259d89a1c08,18af532e7e1e,aptos,exact_sha256,automatic_exact_match
exact_fab7d9137c42,aptos__9e2db0c23708edad,605359a98377,aptos,exact_sha256,automatic_exact_match
exact_fb664a9738d3,aptos__ec728dff2dba7db0,77e7c7a160c8,aptos,exact_sha256,automatic_exact_match
exact_fb664a9738d3,aptos__3e6f81c26d82cff8,93220677378c,aptos,exact_sha256,automatic_exact_match
exact_fe4c95e854d4,aptos__529b00fdf494b66c,8dfa629ca74e,aptos,exact_sha256,automatic_exact_match
exact_fe4c95e854d4,aptos__2ddae4bf2fa675da,4e8b41486289,aptos,exact_sha256,automatic_exact_match
exact_ff6a53000a5e,aptos__a963227a117d3922,1c6d119c3d70,aptos,exact_sha256,automatic_exact_match
exact_ff6a53000a5e,aptos__c01d681758e3abfd,a56230242a95,aptos,exact_sha256,automatic_exact_match
exact_ffa8f58e7d3f,aptos__9f8a855851b47cc3,42cc993f23a9,aptos,exact_sha256,automatic_exact_match
exact_ffa8f58e7d3f,aptos__d37678467befb173,f0fe049d478b,aptos,exact_sha256,automatic_exact_match
