perceptual_hash,images,datasets
7070f0e0e0f07070,1153,eyepacs
7070f0f8f8f07070,872,eyepacs
3070f0e0e0f07070,557,eyepacs
3070f0f8f8f07070,537,eyepacs
7070f0f8f8f87070,489,eyepacs
3070f0f8f8f87070,294,eyepacs
7070e0e0e0e07070,292,aptos;eyepacs
f0f0e0e0e0e0f0f0,286,aptos;eyepacs
f0f0f8f8f8f8f0f0,284,eyepacs
7070e0e0e0f07070,242,eyepacs
f0f0f0e0e0e0f0f0,231,aptos;eyepacs
7070f0e0e0e07070,224,eyepacs
3070e0e0e0e07070,215,eyepacs
7070f8f8f8f87070,213,eyepacs
3070f8f8f8f87070,204,eyepacs
f0f0f8f8f8f8f8f0,191,eyepacs
7078f8f8f8f87870,179,aptos;eyepacs
f0f8f8f8f8f8f0f0,173,eyepacs
7070e0e0e4e07070,168,aptos;eyepacs
7060e0e0e0e06070,160,eyepacs
7060e0e0e4e07070,159,aptos;eyepacs
3070e0e0e0f07070,153,eyepacs
f0f0e0e0e0e0e0f0,143,aptos;eyepacs
7060e0e0e0e07070,142,aptos;eyepacs
7060e0e0e4e06070,130,aptos;eyepacs
7070f8f8f8f87870,124,aptos;eyepacs
3070f8f8f8f07070,122,eyepacs
7070f0f8f8f87870,120,eyepacs
3070f0e0e0e07070,120,eyepacs
f0f0e0e0e0e0e0e0,120,eyepacs
7078f8f8f8f87070,119,eyepacs
7078f8f8d8f87870,118,aptos;eyepacs
7070f8f8f8f07070,116,eyepacs
3070f0f8f8f87870,115,eyepacs
f0f0f0e0e0f0f0f0,111,eyepacs
f8f8f8f8f8f8f0f0,109,eyepacs
f0f8f8f8f8f8f8f0,106,eyepacs
7070f8f8d8f87870,103,aptos;eyepacs
f0f0e0e0e0e0f0e0,99,eyepacs
7070f0f0f0f07070,97,eyepacs
7070f8f8d8f87070,79,eyepacs
f0f0e0e0e0f0f0f0,78,aptos;eyepacs
3078f8f8f8f87870,75,eyepacs
f8f0e0e0e0e0f0f0,75,eyepacs
7070e0e0e0e06070,71,eyepacs
f8f8f8f8f8f8f8f0,70,eyepacs;idrid
7070e0e0e4e06070,67,aptos;eyepacs
3070606060607030,66,eyepacs
f0f0f0f8f8f8f0f0,64,aptos;eyepacs
f0f0f0e0e0e0f0e0,64,eyepacs
7060e0e0e0f07070,63,eyepacs
3070f8f8f8f87870,62,eyepacs
f0f8f8f8f8f8f0e0,61,eyepacs
7060c0e0e0e06070,59,aptos;eyepacs
3060e0e0e0e07070,59,eyepacs
7078f8f8f8f07070,56,eyepacs
f0e0c0c0c4c0e0f0,56,aptos;messidor2
3078f8f8f8f87070,56,eyepacs
7078fcfcfcfc7870,54,aptos;eyepacs
f0f0f0e0e0e0e0f0,53,aptos;eyepacs
f8f8f8f8f8f8f0e0,52,eyepacs
3070e0e0e4e07070,51,aptos;eyepacs
f0f0e0e0e0e0f0c0,51,eyepacs
7070f0f8f0f07070,50,eyepacs
f8f0e0e0e0e0e0e0,50,eyepacs
7060e0e4e4e07070,50,eyepacs
f0f0f8f8f8f8f0e0,50,eyepacs
7078f8f8d8f87070,49,aptos;eyepacs
f0f0f0e0e0e0e0e0,46,aptos;eyepacs
7070f0e0e0e06070,46,eyepacs
7070f0f0f8f07070,45,eyepacs
f0f0e0e0e0e0f0d0,44,eyepacs
7078f0f8f8f07070,43,eyepacs
f0f0e0e0e0e0e0c0,43,eyepacs
f0f0f8f8f8f8f8f8,42,eyepacs
7060e0e4e4e06070,42,eyepacs
f8f0f0e0e0e0f0f0,41,eyepacs
f0f0f8fcdcfcf8f0,40,aptos;messidor2
3070787878787030,38,eyepacs
f8f0e0e0e0e0f0e0,38,eyepacs
7070f0e0e4e07070,38,aptos;eyepacs
3078f8f8f8f07070,36,eyepacs
f0f0f0e0e0e0f0d0,35,eyepacs
7078f8d8d8f87870,35,eyepacs
3060e0e0e0f07070,34,eyepacs
f0e0e0e0e0e0e0e0,33,eyepacs
f0f8fcfcdcfcf8f0,33,aptos;messidor2
70f8f8ececf8f870,33,eyepacs
3070f0f8f8f87030,32,eyepacs
f0f0f0e0e0f0f0e0,31,eyepacs
f8f0e0e0e0e0e0f0,30,eyepacs
3060e0e0e0e06070,29,eyepacs
f0f0f0f8f8f8f8f0,29,eyepacs
7070e0e4e4e07070,28,aptos;eyepacs
f0e0c0c0c4e0e0f0,28,aptos;idrid;messidor2
f0e0e0c0c4e0e0f0,28,aptos;messidor2
f0f0f8fcdcf8f0f0,28,aptos;eyepacs;messidor2
7078f8fcfcf87870,28,aptos;eyepacs
7070f8d8d8f87070,27,eyepacs
7078f0f8f8f87870,27,aptos;eyepacs
7070f8d8d8f87870,26,eyepacs
3070706060707030,26,eyepacs
f0f8f8fcdcfcf8f0,26,aptos;messidor2
f0f0e0c0c4e0f0f0,25,aptos;messidor2
f8f8f8f8f8f8f8f8,25,eyepacs
f8f0f0e0e0e0f0e0,24,aptos;eyepacs
7078f8fcdcf87870,24,aptos;eyepacs
3070f0e0e0f07030,24,eyepacs
f0f0e0c0c4c0e0f0,24,aptos;eyepacs;messidor2
f8f0f0e0e0e0e0e0,24,eyepacs
7060c0e0e0c06070,23,eyepacs
78fcfceeeefcfc78,23,eyepacs
3070e0e4e4e07070,23,eyepacs
7078fcf8d8f87870,23,aptos;eyepacs
3070f0e0e4e07070,23,eyepacs
f0f0f0e0e0e0f0c0,23,eyepacs
f0f0f8f8f8f8f0f4,23,eyepacs
f0f0f8f8f8f8f8fc,22,eyepacs
fcfcfafafafafcfc,22,eyepacs
f8f0f8f8f8f8f0f0,22,eyepacs
f0f8f8d8f8f8f8f0,22,eyepacs
f0f8f8b8b8f8f8f0,22,eyepacs
3070f0f8f8f87830,22,eyepacs
3070706060607030,22,eyepacs
3070e0e0e0e06070,22,eyepacs
7060c0e0e4e06070,21,aptos;eyepacs
7078fcfcfcf87870,21,aptos;eyepacs
f0f8f8f8f8f8f8f8,21,eyepacs;idrid
f0e0e0e0e0e0e0f0,21,eyepacs
f0f8f8fcfcf8f8f0,20,aptos;eyepacs;messidor2
7070f0e0f0f07070,20,eyepacs
3070707878787030,20,eyepacs
7070606060607030,20,eyepacs
7060f0e0e0f07070,19,eyepacs
f0f0f8fcdcf8f8f0,19,aptos;messidor2
d0f0e0e0e0e0e0c0,19,eyepacs
f0f0f0e0e0e0e0c0,19,eyepacs
7070f0e0e4f07070,19,eyepacs
7078f8d8d8f87070,19,eyepacs
e0e0e0e0e0e0e0e0,18,eyepacs
3070e0e4e0e07070,18,eyepacs
f0f8fcdcfcf8f0f0,18,aptos;eyepacs
f0fcf8fcdcfcfcf0,18,messidor2
f0f0e0c0c0e0f0f0,18,aptos;eyepacs;messidor2
7078fcfcecfc7870,18,aptos;eyepacs
f0e0e0c0c4c0e0f0,18,aptos;messidor2
f0e0e0e0e0e0f0f0,18,aptos;eyepacs
f0f0e0c0c0e0e0f0,18,aptos;eyepacs;messidor2
7078f0f8f8f87070,18,eyepacs
7070e0e4e4e06070,17,eyepacs
f0f0f8f8f8f0f0f0,17,eyepacs
f0f0f8f8d8f8f8f0,17,eyepacs
f0f0f8f8f8f8f8f4,17,eyepacs
3070f0f8f0f07070,17,eyepacs
3070f0e0e0e06070,17,eyepacs
7070f0f8f8f07870,17,eyepacs
c0c080a0a080c0c0,17,eyepacs
7078f8fcf8f87870,17,aptos;eyepacs
f0f0e0e0e0e0f0f8,17,eyepacs
3070f0f0f0f07070,17,eyepacs
f8f8f8f8f8f8f8fc,16,eyepacs
f0f8f8f8fcf8f8f0,16,eyepacs;messidor2
f0f8f8fcdcfcfcf0,16,aptos;messidor2
70f8fcececf8f870,16,eyepacs
f0f8f8fcfcf8f0f0,16,aptos;eyepacs
f0f0e0e0e0e0e0d0,16,eyepacs
f0f0e0c0c4e0e0f0,16,aptos;eyepacs;messidor2
7070f0f8d8f87070,16,aptos;eyepacs
f0e0e0c0c0e0e0f0,16,aptos;eyepacs;messidor2
3070f0f0f8f07070,16,eyepacs
7078f8fcecfc7870,15,aptos;eyepacs
7060f0e0e0e07070,15,eyepacs
3070f8f8d8f87870,15,aptos;eyepacs
7078d8d8d8f87870,15,eyepacs
7078f0e0e0f07070,15,eyepacs
f0f0f8f8fcf8f8f0,15,eyepacs
f0f0f0f0e0e0f0f0,15,eyepacs
f0e0c0c0c0e0e0f0,15,aptos;eyepacs;messidor2
f0e0e0c0c4e0f0f0,15,aptos;messidor2
3070606060707030,15,eyepacs
7060c0c0c0c06070,14,aptos;eyepacs
f0f0e0e0e0f0f0d0,14,eyepacs
7078fcf8f8f87870,14,eyepacs
7060c0c8c8e06070,14,aptos;eyepacs
f0f0e0e0e0f0f0e0,14,eyepacs
3070f0e0e0e07030,14,eyepacs
7060c0e0e0e07070,14,eyepacs
f0f8f8f8f8f8f0f4,14,eyepacs
f8f0e0e0e0f0f0e0,14,eyepacs
f0f0e0e0c0e0e0f0,13,eyepacs
7078f8f8fcf87870,13,aptos;eyepacs
f0f8f8fcdcf8f8f0,13,aptos;eyepacs;messidor2
f0f0f0c8c8e0e0e0,13,eyepacs
f0f8f898b8f8f8f0,13,eyepacs
f0f8f8d8d8f8f8f0,13,eyepacs
7070f8fcfcf87870,13,aptos;eyepacs
3070707878707030,13,eyepacs
70f8f8ececf8f070,13,eyepacs
7070787878787030,13,eyepacs
7060e0c0c0e06070,13,aptos;eyepacs
f0f8fcfcdcfcfcf0,13,aptos;messidor2
3078fcfcfcfc7830,13,eyepacs
3078f8f8d8f87070,13,eyepacs
f8f0f0e0e0e0e0f0,13,eyepacs
f0e0c0c0c0c0e0f0,13,aptos;eyepacs;messidor2
f0e0e0e0e0e0f0e0,13,eyepacs
f8f0f8f8f8f8f8f0,13,eyepacs
f8f0e0e0e0f0f0f0,13,eyepacs
f0f8f89898f8f8f0,12,eyepacs
f0f0f8f8f8f8f8d0,12,eyepacs
f8f8f8f8f8f0f0f0,12,eyepacs
7060d0e0e0e06070,12,eyepacs
3070e0e0e4e06070,12,aptos;eyepacs
60f8f8ececf8f870,12,eyepacs
f0e0e0c0c0e0f0f0,12,aptos;eyepacs;messidor2
70f8f8eeecf8f870,12,eyepacs
3070e0e0e0e07030,12,eyepacs
f0e0c0c0c0e0f0f0,12,aptos;eyepacs;messidor2
f0f0f8f8fcf8f0f0,12,eyepacs;messidor2
f0f0f0e0e0f0f0d0,12,eyepacs
f0f0f0f0e0f0f0f0,12,eyepacs
7060e4e0e4e06070,12,eyepacs
f8f0f8f8f8f8f0e0,12,eyepacs
3078f8f8d8f87870,11,aptos;eyepacs
7078f0f8f8f07870,11,eyepacs
f0f0f8f8f8f8f0f8,11,eyepacs
3060e0e4e0f07070,11,eyepacs
7070e0e4e0e07070,11,eyepacs
7070f0d8d8f07070,11,eyepacs
f0f0fcfcdcfcf8f0,11,aptos;messidor2
f0f0f8fcdcfcf0f0,11,aptos;messidor2
70f8f8eeecf8f070,11,eyepacs
78fcfefefefefc78,11,eyepacs
f8f8f8b8b8f8f8f0,11,eyepacs
f0f0e0e0c0e0e0e0,11,eyepacs
f8f0f0e0e0f0f0f0,11,eyepacs
f8f0e0e0e0e0f0c0,11,eyepacs
f0f0f0e0c8c0e0e0,11,eyepacs
f0fcfcfcdcfcfcf0,11,messidor2
3070f0e0e0f07870,11,eyepacs
f0f0e0e0c0e0f0f0,11,aptos;eyepacs
f0f0f0f8f8f0f0f0,10,eyepacs
fcfcfafafafefcfc,10,eyepacs
f0e0c0c0c4c0c0f0,10,aptos;messidor2
7060c0c0c0c0e070,10,aptos
f0e0c0c0c0c0c0f0,10,aptos;messidor2
d0f0e0e0e0e0f0f0,10,eyepacs
f8f8f8d8f8f8f0e0,10,eyepacs
d0f0e0e0e0e0f0c0,10,eyepacs
d0f0e0e0e0e0e0d0,10,eyepacs
f0f0e0e4e0e0f0f0,10,eyepacs
7070f0f0e0f07070,10,eyepacs
f0f8fcdcdcfcf8f0,10,aptos;messidor2
3070f0e0f0f07070,10,eyepacs
e0e0c0c0c0e0e0e0,10,eyepacs
d8f0e0e0e0e0f0c0,10,eyepacs
d8f0e0e0e0e0e0c0,10,eyepacs
f0e0c0c4c0e0f0f0,10,aptos;eyepacs
f0f8f8d8f8f8f0f0,10,eyepacs
7060e4e4e4e46070,10,eyepacs
7070e0e0e4f07070,10,eyepacs
f0f0f8d8f8f8f0f0,10,eyepacs
3078f8d8d8f87870,10,eyepacs
f8f0f0e0e0f0f0e0,10,eyepacs
7070f8fcdcf87870,10,aptos;eyepacs
f0f0f8fcfcf8f0f0,9,aptos;eyepacs
f0f0f0e0e0f0e0f0,9,eyepacs
f0f0f0e0e0f0f0f8,9,eyepacs
f0f0f8f8f8f8f8d4,9,eyepacs
3070f8f8d8f87070,9,eyepacs
f8f8f8f8f8f8f8e0,9,eyepacs
f8f8f8f8f8f8f8f4,9,eyepacs
3060e0e4e4f07070,9,eyepacs
f8f8f8fcfcf8f8f0,9,eyepacs;idrid
3070787868787030,9,eyepacs
f0f0c0c0c4e0e0f0,9,aptos;messidor2
f0f8fcdcdcfcfcf0,9,messidor2
f0f8f8f8fcf8f0f0,9,eyepacs
f0f8f8f8f8f8f8f4,9,eyepacs
f0e0e0e0e0f0f0f0,9,aptos;eyepacs
7060e0e0e4e06870,9,eyepacs
f0f8f8f8f8f8f0e4,9,eyepacs
78fcfcfeeefcfc78,9,eyepacs
3060e0e0e4e07070,9,eyepacs
3070e0e4e0f07070,9,eyepacs
78f8f8ececf8f870,9,eyepacs
f0c0c0c0c4c0e0f0,9,aptos;messidor2
f8f8f8d8f8f8f8f0,9,eyepacs
f8f0f0e0e0e0f0d0,9,eyepacs
f0f0f0e0e0f0f0c0,8,eyepacs
7070f0e0e0f06070,8,eyepacs
f0f0f0e0e0e0e0d0,8,eyepacs
3078f0f8f8f07070,8,eyepacs
f0f0f0e0e2e0f0f0,8,aptos;eyepacs
3070f8f8f8f87030,8,aptos;eyepacs
7060f0e0e0e06070,8,eyepacs
3070f0f0f8f87070,8,eyepacs
3070f0f0f8f87870,8,eyepacs
7078f0f8f0f07070,8,eyepacs
3070f0f8f8f07870,8,eyepacs
7070f0e0e4e06070,8,eyepacs
7070e0e4e4f07070,8,eyepacs
f8f8f8f8f8f8f0f4,8,eyepacs
3060c0c0c0c06030,8,eyepacs
f8f8f8f8fcf8f8f0,8,eyepacs
f0f0f8d8f8f8f8f0,8,eyepacs
7078fcf8f8fc7870,8,eyepacs
7070f0f0e8f07070,8,eyepacs
f0f0e0e0e0f0e0f0,8,aptos;eyepacs
f0f0e0c0c0e0e0e0,8,aptos;eyepacs
7070f0f0e0e06070,8,eyepacs
60e0e0c8c8e0e070,8,eyepacs
f0f0e0e0e2e0f0f0,8,aptos
f0f0f0e0c0e0f0f0,8,eyepacs
f0f8f8f8d8f8f8f0,8,eyepacs
7078f4f8f8f87870,8,eyepacs
f0f0e0e4e0e0f0e0,8,eyepacs
3070f0e0e4e06070,8,eyepacs
7078f8f8dcf87870,8,aptos;eyepacs
3070f0d8d8f07070,8,eyepacs
3070f0d0d8f07070,8,eyepacs
f8f8f89898f8f8f0,8,eyepacs
e0e0e0e0e0e0e0c0,8,eyepacs
70e0e0c8e8e0f070,8,eyepacs
3070707868707030,8,eyepacs
7078fcfcf8f87870,8,aptos;eyepacs
7060c0c0c0e06070,8,aptos;eyepacs
f0e0e0e0e0e0f0c0,8,eyepacs
3070e0e4e4f07070,8,eyepacs
f0c0c0c0c0c0c0f0,8,messidor2
f8f8f8f8d8f8f8f0,8,eyepacs
d0f0f0e0e0e0f0d0,8,eyepacs
d0f0e0e0e0e0f0d0,8,eyepacs
d0f0e0e0e0e0e0e0,8,eyepacs
7060c0e4e4e06070,8,aptos;eyepacs
3070606060606030,8,eyepacs
78fcfeeeeefcfc78,8,eyepacs
3060e0e0e4e06070,8,eyepacs
7070606060707030,7,eyepacs
e0f0f0e0e0e0f0f0,7,eyepacs
78f8f8eeecf8f870,7,eyepacs
d0f0f0e0e0e0f0f0,7,eyepacs
c0c080808080c0c0,7,eyepacs
fcfcfefafafefcfc,7,eyepacs
3078f0f8f8f87070,7,eyepacs
3070f0f8f8f07030,7,eyepacs
3070f0f8d8f87070,7,eyepacs
f0f8f898f8f8f8f4,7,eyepacs
f0f0f8fcfcf8f8f0,7,aptos;eyepacs;messidor2
70f8f8fcecf8f870,7,eyepacs
d8f0f0e0e0e0f0d0,7,eyepacs
d8f0e0e0e0e0f0e0,7,eyepacs
d8f0e0e0e0e0e0e0,7,eyepacs
7060e0c0e0e06070,7,eyepacs
f0e0c0c4c0e0e0f0,7,aptos;eyepacs
70e0e0c8c8e0f070,7,eyepacs
7078f8fcfcfc7870,7,aptos;eyepacs
f0e0e0c0c0e0e0e0,7,eyepacs
7060e0c0c8e06070,7,aptos;eyepacs
f0e0e0e0e0e0e0c0,7,eyepacs
7078f8f8f0f07070,7,eyepacs
7078f8fcecec7870,7,eyepacs
f0f0e0c8c8e0e0f0,7,eyepacs
7060e0e0e0c06070,7,eyepacs
f0f0f0e0c0e0e0e0,7,eyepacs
f0f0e0e4e0e0e0e0,7,eyepacs
7078f8dcdcf87870,7,eyepacs
f0f0f0e0c0e0e0f0,7,eyepacs
f0f0e0c0c0c0e0f0,7,aptos;eyepacs
3078f0f8f8f87830,7,eyepacs
3078f0f8f8f87870,7,eyepacs
f0f0f8b8b8f8f8f0,7,eyepacs;idrid
7078f4e4e4f47070,7,eyepacs
f0f0f0f0c8c0e0e0,7,eyepacs
f0f0f0f8f8f8f0e0,7,eyepacs
f0f0f0f8f8f8f0f4,7,eyepacs
3070f0f4ecf87830,7,eyepacs
f0f8f8d8f8f8f0e0,7,eyepacs
f0f8f8f8f8f0f0f0,7,eyepacs
7070f8f8f8f86870,7,eyepacs
7070f0f8d8f87870,7,eyepacs
f0fcf8fcdcfcf8f0,7,messidor2
f0f8fcdcdcf8f0f0,7,aptos;eyepacs
f0fcfcdcdcfcfcf0,7,messidor2
7070f0c0e0f07070,7,eyepacs
7070f0e0e4e46070,7,eyepacs
f8fcfcfeeefcfcf8,7,aptos;eyepacs
f0f8fcfcfcf8f0f0,7,eyepacs
7070f0f8e8f07070,7,eyepacs
7070f0e4e4f07070,7,eyepacs
f8f0e0e4e0e0e0e0,7,eyepacs
3060e0e0e0f07030,6,eyepacs
7070706060707030,6,eyepacs
f8f8f8f8f8f8f0f8,6,eyepacs
f8f8f8f8fcf8f0f0,6,eyepacs
f8f8fcfcfcf8f0f0,6,eyepacs
70e0e0c8e8e0e070,6,eyepacs
f0e0c0c4c4c0e0f0,6,aptos;messidor2
f0e0c0c4c4e0e0f0,6,aptos;eyepacs;messidor2
70f0e088e8e0f070,6,eyepacs
f0c0e0c0c4e0e0f0,6,messidor2
f0c0c0c0c4c0c0f0,6,messidor2
d0f0f0e0e0e0e0f0,6,aptos;eyepacs
7060c0e0e0f07070,6,eyepacs
c0c0a0a0a080c0c0,6,eyepacs
c0e0c0c0c0e0e0c0,6,eyepacs
fcfcfefafafafcfc,6,eyepacs
fcfcfefefefefcfc,6,eyepacs
f0f0f0e0e0f0f0d8,6,eyepacs
f0f0e0e0e2e0e0f0,6,aptos;eyepacs
f0f0e0e4e0e0e0f0,6,eyepacs
f0f0f0c0c0e0e0f0,6,eyepacs;messidor2
f0f0f0c0c0e0f0f0,6,eyepacs
7078f8d8f8f87070,6,eyepacs
f0f0f0e0c8c8e0e0,6,eyepacs
f0f0f0e0c0e0f0e0,6,eyepacs
f0f0e0e0e0e0f0d4,6,eyepacs
f0e0e0e0e0f0f0e0,6,eyepacs
7060c0c0c8c06070,6,aptos;eyepacs
f0e0e0e0e0e0f0d0,6,eyepacs
7078fcececf87870,6,aptos;eyepacs
f0f0e0c8c8e0e0e0,6,eyepacs
f0f0e0c0e0e0f0f0,6,aptos;eyepacs;messidor2
f0e0e0e4e0e0e0e0,6,eyepacs
7060c0c0e0e06070,6,aptos;eyepacs
f0e0e0c0c6e0f0f0,6,messidor2
60f8f8ececf8f070,6,eyepacs
d0f0f8f8f8f8f0f0,6,eyepacs
7060c4e4e4e46070,6,eyepacs
c0d0a0a0a080c0c0,6,eyepacs
c0c0a0a0a0a0c0c0,6,eyepacs
e0e0e0e0e0e0c0c0,6,eyepacs
70f0e0c8e8f0f070,6,eyepacs
70f8f8fcfcf8f870,6,eyepacs
e0e0c0c0c0e0e0f0,6,aptos;eyepacs
f0f0f8f8f8f0f0e0,6,eyepacs
f0f0f0f0c8c8c0e0,6,eyepacs
7078f4f8f8f07070,6,eyepacs
7078f0f0f0f07070,6,eyepacs
f0f0f8f8f8f8f0e4,6,eyepacs
f0f8f8dcdcfcf8f0,6,messidor2
f0f8f8dcfcf8f8f0,6,eyepacs
7070f8f8f0f07070,6,eyepacs
7070f0fcf8f07070,6,eyepacs
f0f8f898f8f8f8f0,6,eyepacs
f0f0f8fcdcfcfcf0,6,aptos;messidor2
7070f8fcd8f87870,6,eyepacs
f0f0f89898f8f8f0,6,eyepacs
7060e0e0e4e46070,6,eyepacs
7060e0e4e0e07070,6,eyepacs
7060e0e4e4e06870,6,eyepacs
7070f0f0f0f07870,6,eyepacs
3070f0f0f0f07030,6,eyepacs
f0f8fcfcfcfcf8f0,6,aptos;eyepacs;messidor2
f0f8f8f8f8f8f0f8,6,eyepacs
f0f8f8fcfcfcf8f0,6,aptos;eyepacs;messidor2
f8f0e0e0c0e0f0f0,6,eyepacs
f8f0e0e0e0e0e0c0,6,eyepacs
3070f0e0e0e06030,6,eyepacs
7070f0f0e0e07070,6,eyepacs
3070707070707030,6,eyepacs
f8e0e0e0e0e0e0e0,6,eyepacs
3070f0e0e4f07070,6,eyepacs
3070f0e0e4e46070,6,eyepacs
f8f8f8f8f8f0f0e0,6,eyepacs
f8f8f8f8f8f8f0e4,6,eyepacs
f8f0f8f8f8f8f8f8,6,eyepacs
7070f0e4e4e07070,6,eyepacs
f8f8f8d8f8f8f0f0,6,eyepacs
7070e0e4e0f07070,6,eyepacs
3060e0e4e0e07070,6,eyepacs
3060606060607030,6,eyepacs
3060c0e0e0c06070,5,eyepacs
fcf8f8f8f8f8f0f4,5,eyepacs
d8e0e0e0e0e0e0c0,5,eyepacs
fcfcfabafafafcfc,5,eyepacs
3060e0e0e0e06030,5,eyepacs
e0f0e0e0e0e0f0e0,5,eyepacs
7060c0e0e4c06070,5,eyepacs
7070e0e0e0f06070,5,eyepacs
f8f8fcfcf8f8f0f0,5,eyepacs
e0e0e0e0e0e0f0f0,5,eyepacs
e0e0e0e0e0e0e0f0,5,eyepacs
d0f0f0e0e0e0f0c0,5,eyepacs
d0f0f0e0e0e0e0e0,5,eyepacs
d0f0f0e0e0e0e0c0,5,eyepacs
7078fcf8f8f87070,5,eyepacs
7078fcf8f8f47870,5,eyepacs
f0f8f8f8f8f8f8fc,5,eyepacs
3070f0f4fcf87030,5,eyepacs
7060e0e0e0e06870,5,eyepacs
7060e0e0e4f07070,5,eyepacs
f0c0c0c4c0e0e0f0,5,aptos
d0f0a0e0e0a0f0c0,5,eyepacs
f8f8fafebcb8b8d8,5,aptos
d0e0e0e0e0e0e0c0,5,eyepacs
7078f4f8f8f07870,5,eyepacs
f0f8f8fcdcf8f0f0,5,aptos;messidor2
f0f8f8f8fcf8f8f8,5,eyepacs
f0f8f898b8f8f8f4,5,eyepacs
7078fcfcfcf47870,5,eyepacs
7078fcfcf8fc7870,5,aptos;eyepacs
3070f0e4e4f47070,5,eyepacs
3070f0e4e4f07070,5,eyepacs
f0f8fcdcfcf8e0f0,5,aptos
f0f8fcdcdcf8f8f0,5,eyepacs;messidor2
f0f8fcbcf8f0e0f0,5,aptos
f0f4f8fcdcfcf8f0,5,messidor2
f0e0e0c0c0c0e0f0,5,aptos;eyepacs;idrid;messidor2
f0e0c0c4e0e0f0f0,5,aptos
f0e0c0c2e0e0f0f0,5,aptos
f0e0c0c0c0e0e0e0,5,aptos;eyepacs
7060c0c0c8e06070,5,aptos;eyepacs
f8f8f8f8f8f8f8e4,5,eyepacs
f8f8f8f8d8d8f8f8,5,eyepacs
7070f0e0e8f07070,5,eyepacs
7070f0e0e0f07870,5,eyepacs
f0f0f8fcfcfcf8f0,5,aptos;messidor2
3070f8f8d8d87870,5,eyepacs
7078f0f8d8f87070,5,eyepacs
7078f0f0f8f07070,5,eyepacs
f0f0f8fc9cf8f0f0,5,aptos
f0e0f0e0e0e0f0f0,5,eyepacs
c0e0e0e0e0e0e0e0,5,aptos;eyepacs
f8f8f8d8d8f8f8f0,5,eyepacs
7068c4e4e4e46070,5,eyepacs
3070787878787830,5,eyepacs
60f8fcececf8f870,5,eyepacs
60f8f8eeecf8f870,5,eyepacs
3078f0e4e4f07070,5,eyepacs
70f0f8f8f8f8f070,5,eyepacs
f0fcfcfcdcfcf8f0,5,messidor2
f0fcfcdcfcf8f0f0,5,aptos
f0fcfcdcdcfcf8f0,5,messidor2
f0f8fcfcfcfcfcf0,5,aptos;messidor2
f0f0f8dcdcfcfcf0,5,aptos;messidor2
f0f0f8dcdcfcf8f0,5,messidor2
f0f0e0e0c0e0f0d0,5,eyepacs
f8f8f8b8f8f8f8f0,5,eyepacs
f8f8f8b8f8f8f0f0,5,eyepacs
f8f8f8b8b8f8f0f0,5,eyepacs
f8f8f898f8f8f8f0,5,eyepacs
f8f8f898b8f8f8f0,5,eyepacs
f0f0f8dcdcf8f0f0,5,aptos;eyepacs;messidor2
f0f0f8dcd8f8f0f0,5,aptos;eyepacs
f0f0f8d8d8f8f8f8,5,eyepacs
f0f0f8d8d8f8f8f0,5,eyepacs
f0f0f8b8f8f8f8f0,5,eyepacs
f0f0f8b8b8f8f8f8,5,eyepacs
f0f0f8b8b8f8f0f0,5,aptos;eyepacs
7070f8fcecfc7870,5,aptos;eyepacs
f0fcfefcdcfcfcf0,5,messidor2
7078dcd8d8f87870,5,aptos;eyepacs
70f8fcececf8f070,5,eyepacs
7070f0e8e8f07070,5,eyepacs
7070f0f0f8f87870,5,eyepacs
f0f0e0e0e0f0f8f0,5,aptos
f0f0e0e0e0f0f0f8,5,eyepacs
f0f0e0e0e0e0f0fc,5,eyepacs
60e0e0c8e8e0e070,5,eyepacs
f8f0e0e0e0e0f0d0,5,eyepacs
f8f0e0e0e0e0e0d0,5,eyepacs
f0f0f0f8f8f8f8fc,5,eyepacs
f0f0f0f8f8f8f8f8,5,eyepacs
78f8f8ececf8f070,5,eyepacs
f0f0f0e0e0a0f0c0,5,eyepacs
3078fcfcfcfc7870,5,aptos;eyepacs
f8f0e0e0e0f0e0f0,5,eyepacs
3078fcf8f8fc7870,5,eyepacs
3078fcf8f8f87870,5,eyepacs
78fcfcfefefcfc78,5,eyepacs
f8f0f8f8f8f8f8fc,5,eyepacs
f8f0f8f8f8f8f8f4,5,eyepacs
60e0e088e8e0f070,5,eyepacs
60d8f8ececf8f870,5,eyepacs
c0808080808080c0,5,eyepacs
b070606060607030,5,eyepacs
78fcfceeeebcfc78,5,eyepacs
f0f0f0e0c0c0e0e0,5,eyepacs
f8f0f0f8f8f8f0f0,5,eyepacs
f8f0f0e0e0f0f0d0,5,eyepacs
f8f0f0e0e0f0f0c0,5,eyepacs
7070e0e0e4e47070,5,aptos;eyepacs
d0f0e0e0e0e0e0f0,5,eyepacs
f0f8f8dcdcf8f0f0,5,aptos;eyepacs
7078f8fcfcf87070,5,aptos;eyepacs
7078f8fcecf87870,5,aptos;eyepacs
f0f8f8bcf8f0e0f0,5,aptos
f0f8f8b8f8f8f8f0,5,eyepacs
f0f8f8b8f8f8f0f0,5,aptos;eyepacs
7060e0c0e4e06070,5,eyepacs
7078fcf8fcfc7870,5,eyepacs
7060e0c0c8c06070,4,aptos;eyepacs
7060e0c0c8c86070,4,eyepacs
7078f8f8fcfc7870,4,aptos;eyepacs
7078f8fcd8f87870,4,eyepacs
7078f8fcf8f07070,4,eyepacs
7078fcececfc7870,4,aptos;eyepacs
f0f8f8d8f8f8f8f4,4,eyepacs
f0f8f8d8f8f8f8f8,4,eyepacs
d8f0f0e0e0e0f0c0,4,eyepacs
e0c0e0e0e0e0e0e0,4,eyepacs
d0f0f0e0e0f0f0f0,4,eyepacs
7060c0c8c8c06070,4,aptos;eyepacs
e0e0c0c0c0c0e0e0,4,aptos;eyepacs
e0e0c0c4c0e0e0e0,4,aptos;eyepacs
7060c4e0e4e06070,4,aptos;eyepacs
d0f0e0e0e0e0f0e0,4,eyepacs
7070e0e0e0f07030,4,eyepacs
7070e0e0e4e06870,4,eyepacs
7070e0e0e8e07070,4,eyepacs
7070e0e0f0f07070,4,eyepacs
f8fcfceeeefcfcf8,4,eyepacs
3060e0e0e0e07030,4,eyepacs
f0f0f0c8c8c0e0e0,4,eyepacs
f0f0f0c8c8e0e0f0,4,eyepacs
3070e0e0e0f07030,4,eyepacs
f8f0f0f0c8c8e0e0,4,eyepacs
7070f0f8e8f87070,4,eyepacs
7070f0f8ecf87870,4,eyepacs
78fceceeeefcfc78,4,eyepacs
3078f8fcfcf87830,4,eyepacs
3078f8fcfcf87870,4,aptos;eyepacs
3078f8fcfcfc7830,4,aptos;eyepacs
3078fcf8f8f87070,4,eyepacs
f0f0e0e2e2e2f0f4,4,eyepacs
60c4ce8e8ececc68,4,eyepacs
7070f0f8fcf87070,4,eyepacs
7070f0f8fcf87870,4,eyepacs
7070f0fcf8f87070,4,eyepacs
7070f0f0f0e06070,4,eyepacs
78fcfe9efefefc78,4,eyepacs
f0f0f0c0c8c0e0e0,4,eyepacs
f0f0f0c0c8e0e0f0,4,eyepacs
78f8fcececfcf878,4,eyepacs
7070f8f8d8f86870,4,eyepacs
7070f8f8f8f07870,4,eyepacs
f8f0e0e4e0e0f0f0,4,eyepacs
f8f0f0e0c0e0f0f0,4,eyepacs
7070f4f8f8f07070,4,eyepacs
7060f0f8f8f07070,4,eyepacs
78fcbcaeaebcdc68,4,eyepacs
f0f0f0e0e0e0f0f8,4,eyepacs
f0f0f0e0e0e0f2d4,4,aptos
3078f8d8f8f87870,4,aptos;eyepacs
78f8f8eee8f8f870,4,eyepacs
f0f0f0f0c8c8e0e0,4,eyepacs
f0f0f0f0e0e0e0e0,4,eyepacs
f0f0f0f0e0e0f0e0,4,eyepacs
7070f8fcf8f07070,4,eyepacs
7070f8fcf8f87070,4,aptos;eyepacs
7070f8fcfcfc7870,4,aptos;eyepacs
f8e0e0e0e0e0f0f0,4,eyepacs
7060c4e4e4e06070,4,eyepacs
f0f0f0fcdcfcf8f0,4,aptos;messidor2
70f8f8f8f8f8f870,4,eyepacs
c0a0a0a0888086c4,4,aptos
60f0e088e8e0f070,4,eyepacs
f0f0e0e0e0e0f0d8,4,eyepacs
f0f0e0e0e0e0f0f4,4,eyepacs
f0f0e0e0e0f0e0e0,4,eyepacs
f0f0e0e0e0f0f0c0,4,eyepacs
f0f0e0e2e0e0e0f0,4,aptos;eyepacs
7070f0f4f0f07070,4,eyepacs
7070f0f8d8f07070,4,eyepacs
7070f0f0ecf07070,4,eyepacs
3070f0e4e4e07070,4,eyepacs
f0f0f8b8f8f0e0f0,4,aptos
70f8f8ece8f8f070,4,eyepacs
70f8f8eee8f8f870,4,eyepacs
f0f0f8d8d8f8f0f0,4,eyepacs;idrid
60f0f0c8e8f0f070,4,eyepacs
f8f8f89898d8f0e0,4,eyepacs
f8f8f89898f8f8f8,4,eyepacs
f8f8f898f8f8f0f0,4,eyepacs
f8f8f8b8b8f8f8f8,4,eyepacs
f8f8f8b8b8f8f8fc,4,eyepacs
f0f0e0c0c4c0c0f0,4,aptos;messidor2
f0f0e0c0e2e0e0f0,4,aptos
f0f0e0e0e0e0c0c0,4,eyepacs
60e0e0c8c8e0f070,4,eyepacs
f0f0f8dcdcf8f8f0,4,messidor2
f0f0f8f8d8f8f0f0,4,eyepacs
f0f0f8f8f8f8f0c0,4,eyepacs
f0f0f8f8f8f8f0c4,4,eyepacs
7060e4e0e4e46070,4,eyepacs
f0f8fcfcfcf8f8f0,4,aptos;eyepacs;messidor2
7078d8d8d8d87870,4,eyepacs
70f0f8f8f8f8f870,4,eyepacs
f0e0e0c0c2e0e0f0,4,aptos
3070707868787030,4,eyepacs
3070787878707030,4,eyepacs
f0e0e0c4c2e0c4f0,4,aptos
f0e0e0c4c4e0c0f0,4,messidor2
f0e0e0e0e0e0c0c0,4,eyepacs
f0e0e0e2e2e0e0f0,4,aptos;eyepacs
c0d0b0a0a080c0c0,4,eyepacs
f0f0c0c0c4c0e0f0,4,aptos;messidor2
f0f0f8fc9cfcf8f0,4,aptos
f0f0f8fcdcf8fcf0,4,aptos;messidor2
3070f0fcf8f87030,4,eyepacs
3070f8d8d8f87070,4,eyepacs
7078f0f8f8f47870,4,eyepacs
3070f0f0f0f06030,4,eyepacs
f0f8fcdefcf8f0f0,4,aptos
70f0e0c8e8e0f070,4,eyepacs
70f0f088e8e0e060,4,eyepacs
3070f8f8f8f87830,4,eyepacs
f0f4f8fcdcf8f0f0,4,messidor2
7060c0c0c0e07070,4,aptos;eyepacs
7070f0e0e4e47070,4,eyepacs
7070f0c0c8f07070,4,eyepacs
f0e0c0c0c0e0c0f0,4,messidor2
f0e0c0c0c4e0f0f0,4,aptos;messidor2
f0e0c0c4c4c0c0f0,4,messidor2
f0e0c0c4c4e0f0f0,4,aptos;eyepacs;messidor2
f0f8fc9c9cfcf8f0,4,aptos;eyepacs;messidor2
f0f8fcdcdcfcf0f0,4,aptos;eyepacs
3070f0e8f0f07070,4,eyepacs
3070f0f0e0f07070,4,eyepacs
70e0e0c8c8e0e070,4,eyepacs
f0f8b8b8b8f8f8f0,4,eyepacs
f0f8f0f8f8f8f0f0,4,eyepacs
707cfcfcfcfc7870,4,eyepacs
70e0e088e8e0e070,4,eyepacs
f0f8f89898b8f8f0,4,eyepacs
f0f8f89898f8f0f0,4,eyepacs
f0f8f898b8f8f0f0,4,eyepacs
f0f8f8b8b8f8f8f8,4,eyepacs;idrid
7078f4f8f8f47870,4,eyepacs
7078f4f8f8fc7870,4,eyepacs
7078f8d8dcf87870,4,eyepacs
7078f8d8f8f87870,4,eyepacs
f0f8f8f8fcfcf8f0,4,eyepacs
f0f8f8fcdcf8fcf0,4,messidor2
f0f8f8fcfcf8f0e0,4,eyepacs
e0f0f8f8f8f8f8f0,4,eyepacs
e2c08088848686cc,4,aptos
d0f0a0e0e0a0c0c0,4,eyepacs
f8f8f8fcfcf8f0f0,4,eyepacs
f8f8f8fcfcf8f8f8,4,eyepacs
7068dcfcfcfc7870,4,aptos;eyepacs
d0f0a0e0e0a0e0c0,4,eyepacs
d0f0b0e0e0a0e0c0,4,eyepacs
f0c0c0c0c4e0c0f0,4,messidor2
f0c0c0c0c4e0e0f0,4,aptos;messidor2
f0c0c0c4c4c0c0f0,4,messidor2
68f8fcececf8f870,4,eyepacs
7060e0e4e0e06070,4,aptos;eyepacs
f0f8f8f8d8f8f8e0,4,eyepacs
3070f0f0f8f07030,4,eyepacs
7078f8ececf87870,4,aptos;eyepacs
7078f8f8d8d87870,4,eyepacs
f0f8f8f8d8f8f8f4,4,eyepacs
f0f8f8f8f8f0e0f0,4,aptos
f0f8f8f8f8f8f8e0,4,eyepacs
7060e0e4e4f07070,4,eyepacs
7078f4f8f8f47070,4,eyepacs
e0e0c0c4c4e0e0f0,4,eyepacs
e0e0e0c0c0e0e0e0,4,eyepacs
7068f8f8d8f87870,4,eyepacs
f8f8fcfcfcf8f8f0,4,eyepacs;idrid
f8f8fcfcfcfcf8f0,4,aptos;eyepacs
f8f8fcfcfcfcf8f8,4,aptos;eyepacs
7060c0e0e4e07070,4,eyepacs
fcf8f8f8f8fafcfc,4,eyepacs
fcfcfabab8fafcfc,4,eyepacs
7060c0e0e0e06870,4,eyepacs
d8f0e0e0e0e0f0d0,4,eyepacs
7070707878707030,4,eyepacs
7070707878787030,4,eyepacs
7070d8d8d8f87070,4,aptos;eyepacs
fcfcfababafafcfc,4,eyepacs
3060c0e0e0e06070,4,eyepacs
3060c0e0e0e06030,4,eyepacs
fcfefafafafafefc,4,eyepacs
3060e0e0e0c06070,3,eyepacs
fcf4fafafafafcfc,3,eyepacs
d0f0e0e0e0f0f0d0,3,eyepacs
d0f0f0e0e0e0f0e0,3,eyepacs
d0f0f0e0e0f0f0c0,3,eyepacs
e0e0c0d0d0c0e0f0,3,aptos
e0e0e0c0c0e0e0f0,3,eyepacs
e0e0e0c0e0e0e0e0,3,eyepacs
e0e0e0e0e0e0f0e0,3,eyepacs
e0e0e0f0e0e0e0e0,3,eyepacs
e0e0f0e0c0c0e0e0,3,aptos;eyepacs
7068f4f8f8f87870,3,eyepacs
7068f8f8f8f87870,3,aptos;eyepacs
7068f8fcecfc7870,3,aptos;eyepacs
7068fcf8d8f87870,3,eyepacs
f8f8fcdcfcf8f8f0,3,eyepacs
f8f8fcfcfcfcfcf8,3,aptos;eyepacs
7060e0e0e0f06070,3,eyepacs
f0f8f8f8f8f0f0e0,3,eyepacs
7060e0f0e0e06070,3,eyepacs
7060e0c8c8e06070,3,eyepacs
f0f8f8b8f8f8f0f4,3,eyepacs
f0f8f8b8f8f8f8f4,3,eyepacs
3070f0f8d8f87870,3,eyepacs
7060e0e0e4e07870,3,eyepacs
7060e0e0e4e0e0f0,3,eyepacs
7078f8fcf8f87070,3,eyepacs
f0f8f8d8d8f8f8f8,3,eyepacs
f0f8f8dcdcf8f8f0,3,eyepacs;messidor2
f0f8f8dcdcfcfcf0,3,messidor2
f0f8f8dcfcf8f0f0,3,eyepacs
f0f8f8f898f8f8f8,3,eyepacs;idrid
f0f8f8f8b8f8f8f0,3,eyepacs
f0f8f0f8f8f0f0f0,3,eyepacs
7060e0e0c0c06070,3,aptos;eyepacs
7078fcfcdcf87870,3,aptos;eyepacs
7078fcfcecf87870,3,eyepacs
f0f8f89898d8f8f0,3,eyepacs
f0f8f898bcf8f8f0,3,eyepacs
f0f8f898d8f8f8f4,3,eyepacs
f0f8f8b898f8f8f0,3,eyepacs
f0f8f8b8b8b8f8f8,3,eyepacs
f0f8f8b8b8f8f0e0,3,eyepacs
f0f8f8b8b8f8f0f0,3,eyepacs
7078f4e4e4f07070,3,eyepacs
7078f4f0f0f07070,3,eyepacs
7078f4f8f0f07070,3,eyepacs
7060e0e4e0f07070,3,eyepacs
7078f8f8d8f86870,3,eyepacs
f0f8f8fcfcfcfcf0,3,aptos;messidor2
f0f8fcbcfcf8e0f0,3,aptos
f0f8fcbcfcf8f0f0,3,aptos
f0f8fcdcdcfce8f0,3,aptos
f0f8fcdcf8f8f0f0,3,aptos;eyepacs
f0f8fcdcfcf8d0f0,3,aptos
3070f0f0e0e07070,3,eyepacs
70e0e0a8e8e0e070,3,eyepacs
70e0e0a8e8e0f070,3,eyepacs
70e0e0c8c8f0f070,3,eyepacs
70e0e0c8e8f0f070,3,eyepacs
70e4ce8e8e8ecce8,3,eyepacs
f0f8b8b8b8b8f8f0,3,eyepacs
f0f8b8b8b8f8f0f0,3,eyepacs
f0f8e0e0e2e0e0f0,3,aptos
f0f8f0e0e0f0f0f0,3,aptos
f0f8fcdcfcf8f4f0,3,aptos
f0f8fceeeefcf8f0,3,aptos;eyepacs
f0f8fcfcdcf8f8f0,3,aptos;messidor2
f0f8fcfcfcf0f0f0,3,eyepacs
7078e0e0e0e07070,3,eyepacs
7078e4e0e4e07070,3,aptos;eyepacs
7078f0e0e0e07070,3,aptos;eyepacs
70f0e0a8e8e0f070,3,eyepacs
70f0e0a8e8f0f070,3,eyepacs
70f0e0c8c8e0f070,3,eyepacs
f0f0fcdcdcfcfcf0,3,messidor2
f0f4fcdcdcfcfcf0,3,messidor2
f0f4fcfcdcfcfcf0,3,messidor2
f0f8b898b8f8f8f0,3,eyepacs
70e0e088e8e0f070,3,eyepacs
70e0e088e8f0f070,3,eyepacs
f0fcfcdedefcfcf0,3,aptos;messidor2
f0fcfcfcfcf8f8f0,3,messidor2
f0fcfcfcfcf8fcf0,3,messidor2
f0fcfcfcfcfcfcf0,3,aptos;messidor2
70f0f0e4e4f4c460,3,aptos
3078f0e0e0f07070,3,eyepacs
3078f0f0f0f07070,3,eyepacs
f0f0f8f8f8f8f8d8,3,eyepacs
f0f0f8f8f8f8f8e0,3,eyepacs
f0f0f8fcdcf8f4f0,3,aptos;messidor2
f0f0f8fcf8f8f0f0,3,eyepacs
3070f8d8d8f87870,3,eyepacs
7078f0e4e4f07070,3,eyepacs
7078f0e4e4f07870,3,eyepacs
7078f0e4ecf07070,3,eyepacs
7078f0f0f8f87870,3,eyepacs
70f0f8fcfcf8f070,3,eyepacs
70f8f8ececf8f878,3,eyepacs
70f8f8f8d8f8f870,3,eyepacs
70f8f8f8d8f8f8f0,3,eyepacs
70f8f8f8f8f8f070,3,eyepacs
f0f0f8c8c8c8e0e0,3,eyepacs
f0f0f8dcd8f0f0f0,3,eyepacs;idrid
f0f0f8dcdcfcecf0,3,messidor2
f0f0f8f898f8f8f0,3,eyepacs;idrid
f0f0f8f8d8f8f8f4,3,eyepacs
f0f0f8f8f8f8f0dc,3,eyepacs
7060e4e0e0e06070,3,eyepacs
7060e4e0e4e07070,3,eyepacs
7060e4e4f0f07070,3,eyepacs
f0fcbcfcf8f0e0f0,3,aptos
f0fcf8fcfcfcf8f0,3,messidor2
7078d8dcdcf87870,3,eyepacs
7078d8f8d8f87870,3,eyepacs
7078d8f8f8f07070,3,eyepacs
7078d8f8f8f87870,3,eyepacs
7078dcfcfcf87870,3,aptos;eyepacs
7078dcfcfcfc7870,3,aptos;eyepacs
f0fcfedefcf8f0f0,3,aptos
f0fcfefcfcfcfcf0,3,messidor2
f4f0f8f8f8f8f8f0,3,eyepacs
f4f8f8d8f8f8f8fc,3,eyepacs
3070f0e4e4e47070,3,eyepacs
7070f8fcd8f87070,3,eyepacs
70f8fcfcfcf8f870,3,eyepacs
7170706060607030,3,eyepacs
f0f0f8b8b8b8f8f0,3,eyepacs
f0f0f8b8b8b8f8f8,3,eyepacs
3070f0d8f8f07070,3,eyepacs
7068c4e4e4c46870,3,eyepacs
7068c4e4e4d46870,3,eyepacs
7068c4e4e4e06070,3,eyepacs
7060d0e0e0e07070,3,eyepacs
7060d0e0e0f07070,3,eyepacs
7060d8d8d8d87870,3,aptos;eyepacs
f0f0f0fcf8f8f0f0,3,eyepacs
f0f0f2e2e2e2f2f4,3,eyepacs
f0f0f898b8f8f0f0,3,eyepacs
3078f0f8f8f87030,3,eyepacs
3078f4d8d8f87830,3,eyepacs
70f8f8fcecf8f070,3,eyepacs
70f8f8fcf8f8f070,3,eyepacs
70f8f8fcf8f8f870,3,eyepacs
70f8fceeecf8f870,3,eyepacs
f0f0f0e8c8e0e0e0,3,eyepacs
7060e0c0c4e07070,3,aptos;eyepacs
78f8f8eeecf8f070,3,eyepacs
78f8f8f8f8f8f070,3,eyepacs
78f8f8fcecf8f870,3,eyepacs
f0f0f0f0e0e0e0f0,3,eyepacs
f0f0f0f0f8f8f0f0,3,eyepacs
f0f0f0f8f8f8f0f8,3,eyepacs
7060c4e4e4c46070,3,eyepacs
7060c4e4e4c46870,3,eyepacs
7070f8fcf8f87870,3,eyepacs
7070f8fcfcf87070,3,eyepacs
3070f0e4e4f07030,3,eyepacs
f4f8faf8f8fafcfc,3,eyepacs
f8e0e0e0e0e0e0f0,3,eyepacs
f8f0e0e0c0e0e0f0,3,eyepacs
7070f8f8fcf87070,3,eyepacs
f8f0e0e2e2e0e0e0,3,eyepacs
7070f4f8f8f47070,3,eyepacs
7060f0e0e4f07070,3,eyepacs
7060f8d8d8f87870,3,aptos;eyepacs
f8f0f0e0c8c0c0e0,3,eyepacs
f8f0f0e0e0e0e0c0,3,eyepacs
78f8fceeecf8f070,3,eyepacs
3078fcfcfcf87870,3,aptos;eyepacs
f0f0f0e0e0e0c0c0,3,eyepacs
f0f0f0e0e0f0e0e0,3,eyepacs
f0f0f0e0e0f0f0dc,3,eyepacs
3078f8f8f0f07070,3,eyepacs
3078f8f8f8f07870,3,eyepacs
3078f8f8f8f87830,3,eyepacs
f0f0f0e0e2e0e0e0,3,aptos;eyepacs
f8f0f0e0e0f0e0e0,3,eyepacs
3070e0e0e4e47070,3,eyepacs
3070e0e0e4f07070,3,eyepacs
3070e4e4e4f07070,3,eyepacs
f8f0f0f8f8f8f0e0,3,eyepacs
f8f0f0f8f8f8f8f0,3,eyepacs
f8f0f8dcf8f8f0f0,3,eyepacs
7070f0f8f8f06070,3,eyepacs
78fcfceecefcfc78,3,eyepacs
f0f0f0e0c8c0c0e0,3,eyepacs
f0f0f0e0c8c0e0c0,3,eyepacs
3078fcdcdcfc7830,3,eyepacs
78f8fcececf8f870,3,eyepacs
78f8fcececfcf870,3,eyepacs
7070f8d8f8f87870,3,eyepacs
7070f8f8e8f87870,3,eyepacs
f8f8b8b898f8f0e0,3,eyepacs
7070f0f0f0e07070,3,eyepacs
7070f0f0f0f06070,3,eyepacs
7070f0f0f0f87870,3,eyepacs
7070f0f0f8f87070,3,eyepacs
78fcfcfefefefc78,3,eyepacs
78fcfeeeeefefc78,3,eyepacs
60e0e0a8e8e0f070,3,eyepacs
f0f0e0e4e0e0e0c0,3,eyepacs
f0f0e0e4e0e0f0c0,3,eyepacs
f0f0e0e6e0e0e0e0,3,eyepacs
f0f0f0c0c0c0e0f0,3,aptos;eyepacs
f0f0f0c0c0e0e0e0,3,aptos;eyepacs
f0f0f0c0c8e0f0f0,3,eyepacs
f0f0f0c8c8f0f0f0,3,eyepacs
f8f0f0e0e0e0f0c0,3,eyepacs
7070f0f0d8f07070,3,eyepacs
f0f0e0e2e0f0f8f0,3,aptos
f0f0e0e2e2e0e0e0,3,eyepacs
f0f0e0e2e2e0f0f0,3,aptos
b070707878707030,3,eyepacs
b070787878787030,3,eyepacs
60e0e088c8e0f070,3,eyepacs
60e0e088e8e0e070,3,eyepacs
60e0e088e8f0f070,3,eyepacs
78fcfceeeebefcf8,3,eyepacs
78fcfceeeefcf878,3,eyepacs
7070f0f8f8f07030,3,eyepacs
f8f0f8f8f8f8f0f4,3,eyepacs
f8f0f8f8f8f8f8d0,3,eyepacs
f8f0f8f8fcf8f0f0,3,eyepacs
f8f8b89898f8f0f0,3,eyepacs
f0f0e0c8c8c0e0f0,3,eyepacs
f0f0e0e0e0a0e0c0,3,eyepacs
60e0e0e0e0e0e070,3,eyepacs
f0f0e0e0e0e0f0dc,3,eyepacs
f0f0e0e0e0f0f0fc,3,aptos;eyepacs
f0f0e0e2e0e0f0f0,3,eyepacs
f8f8b8b8b8f8f8f0,3,eyepacs
f8f8b8b8b8f8f8f4,3,eyepacs
f8f8e0e0e0e0e0e0,3,eyepacs
f8f8f0e0e0e0f0f0,3,eyepacs
f8f8f0e88080e0e0,3,aptos
f8f8f0f0c8c8e0e0,3,eyepacs
7068dcd8d8f87870,3,aptos;eyepacs
7070f0e8f0f07070,3,eyepacs
7070f0e8f8f07070,3,eyepacs
7070f0ece8f07070,3,eyepacs
f8f8f89898f8f0f0,3,eyepacs
f8f8f89898f8f8f4,3,eyepacs
f8f8f898d8f8f0e0,3,eyepacs
f8f8f898f8f8f8fc,3,eyepacs
f8f8f8b8b8f8f0e0,3,eyepacs
f8f8f8b8f8f8f8f4,3,eyepacs
c0c090a0a080c0c0,3,eyepacs
f0f0c0c4c4e0e0f0,3,aptos;messidor2
f0f0e0c0c0c0c0e0,3,aptos;eyepacs
f0f0e0c0c0c0e0e0,3,aptos;eyepacs
f0f0e0c0c0e0f0e0,3,eyepacs
f0f0e0c0c0f0f0f0,3,eyepacs
f0f0e0c0c2e0e0f0,3,aptos
f0f0e0c0c6e0e0f0,3,aptos;messidor2
f0f0e0c0e0e0e0e0,3,eyepacs
f0f0e0c4c4e0f0f0,3,aptos;messidor2
f0e0e0e0e0e0e0d0,3,eyepacs
f0e0e0e2e0e0f0f0,3,aptos;eyepacs
c0d090a0a080c0c0,3,eyepacs
c0d0a0a0a0a0c0c0,3,eyepacs
c0d0a0e0e0a0c0c0,3,eyepacs
c0e0e0c0c0e0e0e0,3,eyepacs
f0e0f0c0c0e0e0f0,3,eyepacs;idrid
f0e0f0c0c4e0e0f0,3,aptos;eyepacs;messidor2
f0e0f0c8c8e0e0e0,3,eyepacs
f0e0f0e0e0e0e0e0,3,eyepacs
f0e8f8fcdcf8f8f0,3,messidor2
60f0e088e8f0f070,3,eyepacs
60f0e0c8e8f0f070,3,eyepacs
60f0f088c8e0f070,3,eyepacs
60f0f088e8f0f070,3,eyepacs
c0c080a08080c0c0,3,eyepacs
7068dcd8d8d87870,3,eyepacs
3070e0e0e0e06030,3,eyepacs
f8f8f8d8d8f8f0e0,3,eyepacs
f8f8f8d8d8f8f0f0,3,eyepacs
f8f8f8d8f8f8f8f8,3,eyepacs
f8f8f8d8f8f8f8fc,3,eyepacs
7070f0d8d8f87870,3,eyepacs
7070f0d8f8f07070,3,eyepacs
7070f0e0c0e07070,3,eyepacs
f0e0e0c0c4e0c0f0,3,messidor2
f0e0e0c0e0e0e0f0,3,eyepacs;messidor2
f0e0e0c4c0c0e0e0,3,eyepacs
f0e0e0c4c4c0e0f0,3,messidor2
f0e0e0c4c4e0f0f0,3,aptos;eyepacs;messidor2
f0e0e0e0c0e0e0f0,3,eyepacs
f0e0e0e0e0e0c0e0,3,eyepacs;messidor2
f0e0c0c0c0c0e0e0,3,eyepacs;idrid
f0e0c0c0c0e0e0c0,3,eyepacs
f0e0c0c0c6c0e0f0,3,aptos;messidor2
f0e0c0c2c0e0f0f0,3,aptos
f0e0c0c4c0c0c0f0,3,aptos
f0e0c0c4c4e0d0f0,3,messidor2
f0e0c0c4e0e0e0f0,3,aptos;eyepacs
f0e0c0c8c8c0e0e0,3,eyepacs
f0e0e0c0c0c0c0f0,3,aptos;messidor2
f0e0e0c0c0e0c0f0,3,messidor2
60f8f8ece8f8f870,3,eyepacs
60f8f8eeecf8f070,3,eyepacs
60f8f8fcfcf8f870,3,eyepacs
f0e0e0c0c4c0c0f0,3,aptos;messidor2
3070706868707030,3,eyepacs
7068d8f8f8f87070,3,aptos;eyepacs
7070f0e0c0f07070,3,eyepacs
7070f0e0e4f47070,3,eyepacs
f8f8f8f8d8d8f8f0,3,eyepacs
f8f8f8f8d8f8f0e0,3,eyepacs
f8f8f8f8ecfcf0e0,3,eyepacs
3060f0e0e0e07030,3,eyepacs
f8f8f8f8f8f8f0c0,3,eyepacs
f8f8f8f8f8f8f0fc,3,eyepacs
7068fcfcfcf87870,3,aptos;eyepacs
7070f0c0c0f07070,3,eyepacs
7060c0c0e0c06070,3,eyepacs
f0d0c0c0c4e0f0f0,3,messidor2
f0d0e0c0c4e0e0f0,3,messidor2
f0e0a4b4dcf0e0f0,3,aptos
f0e0c080c0c0e0f0,3,aptos
f0e0c0c0c0c0c0e0,3,aptos;eyepacs
f8f8f8f8f8faf0fc,3,eyepacs
f8f8f8f8f8faf4fc,3,eyepacs
f8f8f8f8f8faf8fc,3,eyepacs
f8f8f8f8fcfcf8f0,3,eyepacs
f8f8f8fcf8f8f0f0,3,eyepacs
f8f8f8fcfcf8f0e0,3,eyepacs
f8f8f8fcfeeefcf8,3,aptos
f8f8fafafafafcfc,3,eyepacs
7068dcf8d8f87870,3,eyepacs
d0f0a0e0e0e0e0c0,3,eyepacs
d0f0b0e0e0e0f0d0,3,eyepacs
e8fcbcaeaebcdce8,3,eyepacs
e8fcfceeeefcfcf8,3,eyepacs
f0c0c0c0c4e0f0f0,3,messidor2
f0c0c0c4c0e0f0f0,3,aptos
7060c0c0c0c04060,3,eyepacs
f8fcfcdcfcfcf8f0,3,aptos
7070e0c0e0e07070,3,eyepacs
7070e0e0e0e06870,3,eyepacs
7070e0e0e0e07870,3,aptos;eyepacs
e0e0f0e0e0e0f0f0,3,eyepacs
e0f0e0c0e0e0e0e0,3,eyepacs
e0f0e0e0e0e0e0e0,3,eyepacs
7060c4e0e0e06070,3,eyepacs
e0f0e0e0e0e0f0f0,3,eyepacs
e0f0f0e0e0e0e0f0,3,eyepacs
e0f0f0e0e0e0f0e0,3,aptos;eyepacs
e0f8f8f8f8f8f8f0,3,eyepacs
d0e0e0e0e0e0c0c0,3,eyepacs
7070f0c8e0f07070,3,eyepacs
7070f0c8e8f07070,3,eyepacs
f8f8f8f8f8f8fcfc,3,eyepacs
fcfefefefefefefc,3,aptos;eyepacs
d8f0f0e0e0e0e0e0,3,eyepacs
e0c0c0c0c0c0e0f0,3,aptos;idrid
7060c0c8c0e07070,3,aptos;eyepacs
e0e0c0c0c4c0e0f0,3,aptos;eyepacs
e0e0c0c0e0e0e0e0,3,aptos;eyepacs
e0e0c0c0e0e0e0f0,3,eyepacs
e0e0c0c4c4c0e0e0,3,aptos;eyepacs
7070e0e0e0f07870,3,aptos;eyepacs
f8fcfceeeefcfc78,3,eyepacs
f8fcfcfcfcf8f0f0,3,aptos;eyepacs
3060e0e0e0f06070,3,eyepacs
3060e0e4e4e06070,3,eyepacs
3060e4e4e4e07070,3,eyepacs
f8fcfeeeeefcfcf8,3,eyepacs
f8fcfefefefefcfc,3,eyepacs
f0f8f8f8d8d8f8f0,3,eyepacs
3060e0e0e0e06870,3,eyepacs
fcfcfaf8f8faf4fc,3,eyepacs
fcfcfafafafafefc,3,eyepacs
fcf8fafafafafcfc,3,eyepacs
fcfcbababafefcfc,3,eyepacs
7060c0e0e0d06070,3,eyepacs
d8b8e8e6d6b694c8,3,aptos
d8f0a0e0e0a0f0c0,3,eyepacs
d8f0f0e0e0e0e0c0,3,eyepacs
7070707868787030,3,eyepacs
7070787868787030,3,eyepacs
7070c0e0e0e07070,3,eyepacs
fcf8f8d8f8f8f8f0,3,eyepacs
3060c0c0c0e06070,3,aptos
3060606060606030,3,eyepacs
3060c0c4c4c06030,2,eyepacs
3060e0c0c0e06030,2,eyepacs
3060e0c0c4e06070,2,aptos
fcfcfafaf8fafcfc,2,eyepacs
fcfcfafafafaf4fc,2,eyepacs
fcfcfebabafafcfc,2,eyepacs
fcfcfef2fafefcfc,2,eyepacs
fcfcfefafafefcf8,2,eyepacs
fcfcfefefafefcfc,2,eyepacs
fcfefababafafefc,2,eyepacs
fcfefafafafafcfc,2,eyepacs
fcf8f8d8dcfcf8f0,2,aptos
fcf8f8b8f8f8f8fc,2,eyepacs
7070d8f8d8f87870,2,aptos;eyepacs
7070d8f8d8d87070,2,eyepacs
7070d8d8d8f87870,2,eyepacs
7070d0f8f8f07070,2,eyepacs
7070d0e0e0e06070,2,eyepacs
7070c0e0e0e06070,2,eyepacs
7070787c7c787030,2,eyepacs
7070787878787830,2,eyepacs
706cdcd8d8d87870,2,eyepacs
7068fcfcfcfc7870,2,eyepacs
fcf8f89898f8f8fc,2,eyepacs
fcf8f0f8c8c8c8c0,2,eyepacs
fcf8f0f0e08088cc,2,aptos
fcf8d8d8fcf0f0f0,2,aptos
dcbcbcf6f6befedc,2,aptos
d8f8fcfeee9e8ecc,2,aptos
d8f8f8f8f8f8f8f0,2,eyepacs
d8f8b8f8f8f8f0f0,2,eyepacs
d8f8b0b4b4bcdcf8,2,aptos
d8f0f0eef6bc9ccc,2,aptos
d8f0f0e0e0f0f0f0,2,eyepacs
d8f0f0e0e0f0f0c0,2,eyepacs
d8f0f0e0e0e0f0f0,2,eyepacs
d8f0f0e0e0e0e0f0,2,eyepacs
d8f0e0e0e0f0f0c0,2,eyepacs
d8f0e0e0e0e0f0f0,2,eyepacs
d8f0e0e0e0a0f0c0,2,eyepacs
d8f0b0b2b6b4dcf8,2,aptos
d8b8fcfcfcbcd8c4,2,aptos
d8b0f2f2f8f8bac4,2,aptos
e0e0b0989c9c9cdc,2,eyepacs
e0e0a0989890d8d8,2,aptos
e0e08888c0e0e2c4,2,aptos
e0d0e0e0e0e0f0e0,2,eyepacs
e0d08090d0c0e4f8,2,aptos
e0c0e0e0e0e0e0c0,2,eyepacs
e0c0c0c0e0e0e0e0,2,aptos;eyepacs
e0c0c0c0c0e0f0f0,2,aptos
e0c0c0c08080c0c0,2,eyepacs
e0c080c0c0e0f0f0,2,aptos
e0c0808c8cc0c0e0,2,aptos;eyepacs
e0c080808080c0e0,2,aptos;eyepacs
e0a0d0c080c082c0,2,aptos
dcfcbabababafcfc,2,eyepacs
dcf0f0d0c0c0c0f8,2,aptos
dcf0e0e0e0c0c0e0,2,aptos
e0e0c088c8c0e0f0,2,aptos
e0e0c08088c0c0e0,2,eyepacs
e0e0c08080c0c0e0,2,eyepacs
7060c0e0e0c06060,2,eyepacs
7060c0e0e0c04060,2,eyepacs
7060c0c8c8e86070,2,eyepacs
7060c0c8c8e07070,2,eyepacs
7060c0c8c8c86870,2,eyepacs
7060c0c8c8c86070,2,aptos;eyepacs
7060c0c4e4e06070,2,eyepacs
d0f8f0f0f4f8fcf8,2,aptos
d0f8b0b0b0b0f0c0,2,eyepacs
d0f0f8f8f8f8f8f4,2,eyepacs
d0f0f8c8ccd086c4,2,aptos
d0f0f0f0f6ccd0f0,2,aptos
d0f0f0f0e2e4fc78,2,aptos
e0e0c0c8c0e0e0d8,2,eyepacs;idrid
e0e0c0c4e0e0e0e0,2,eyepacs
d0f0f0e0e0f0f0d0,2,eyepacs
d0f0f0e0e0e0f0d8,2,eyepacs
d0f0f0e0e0e0f0d4,2,eyepacs
d0f0f0e0c0e0e0e0,2,aptos;eyepacs
d0f0e0e0e2e0e0c0,2,eyepacs
d0f0e0e0e0f0f0c0,2,eyepacs
d0f0e0e0e0e0c0c0,2,eyepacs
e0e0c0c0f0f0f4f8,2,aptos
e0e0c0c0e0e0e0c4,2,eyepacs
e0e0c0c0e0a0a0c0,2,eyepacs
e0e0c0c0c4e0e0e0,2,eyepacs
e0e0c0c0c4c0e0e0,2,aptos;eyepacs
e0e0c0c0c0e0a0c0,2,eyepacs
e0e0c0c0c0c0c0c0,2,aptos
e0e0e0c4e4e0e0e0,2,eyepacs
e0e0e0c4c4c0e0e0,2,eyepacs
e0e0e0c4c0e0e0e0,2,eyepacs
e0e0e0c1c9c0e2f0,2,aptos
e0e0e0c0e0e0f0f0,2,eyepacs
e0e0e0c0e0e0f0e0,2,eyepacs
e0e0e0c0c4c0c0e0,2,aptos;idrid
e0e0e0c0c0e0f0f0,2,eyepacs
e0e0e0c0c0c0e0f0,2,aptos
e0e0e0c0c0c0c4e4,2,aptos
e0e0e0c08088c0c0,2,aptos
e0e0e080c0c0f0f0,2,aptos
e0e0d0d0d0e0e0f8,2,aptos
e0e0d0d0808080c0,2,aptos
e0e0c8d0d0c0e0f8,2,aptos
e0e0c0c8e0c08ccc,2,aptos
e0f0e0e0e0c0c0e0,2,aptos;eyepacs
e0f0e0ccccc4c6ec,2,aptos
e0f0e0c4e0e0e0e0,2,eyepacs
e0f0e0c0e0e0f0e0,2,eyepacs
e0f0b8b8b8f8f8f0,2,eyepacs
e0e8b0b4f0d8f0e0,2,aptos
e0e0f0e0e0e0f0e0,2,eyepacs
e0e0f0dcfcfcfefc,2,aptos
e0e0f0d0d8c8e8f8,2,aptos
e0e0e8a0898b86ce,2,aptos
e0e0e4e6e6f4f0f0,2,aptos
e0e0e0e4e0e0e0e0,2,eyepacs
e0e0e0e0e0f0f0f0,2,eyepacs
e0e0e0e0e0e0f0c4,2,eyepacs
e0e0e0e0e0e0f0c0,2,eyepacs
e0e0e0e0e0c0c0c0,2,aptos;eyepacs
e0f0e0e0e0f0f0e0,2,eyepacs
e0f0e0e0e0e0f0c0,2,eyepacs
7060c4c8c8e06070,2,aptos;eyepacs
7060c4c4e0e07070,2,aptos;eyepacs
7060c4c0c8e06070,2,aptos
7060c4c0c0e06070,2,aptos;eyepacs
7060c0e4e4c46070,2,eyepacs
7060c0e0e4e46070,2,eyepacs
7060c0e0e0f06070,2,eyepacs
7060c0e0e0e46070,2,eyepacs
d0f0e0e0e0b0f0d0,2,eyepacs
d0f0e0e0e0a0f0d0,2,eyepacs
d0f0e0e0e0a0f0c0,2,eyepacs
d0f0e0e0e0a0c0c0,2,eyepacs
d0f0e0d0c0c0e0f8,2,aptos
e0f0e0e0e0e0e0f0,2,aptos;eyepacs
e2f2f0a8c88880c4,2,aptos
e0f8f8f4f4fcf8f8,2,aptos
e0f0fcfcfefef8f8,2,aptos
e0f0f8f8f8f8f0f0,2,eyepacs
e0f0f8f8f8f8f0e0,2,eyepacs
e0f0f8b8b8f8f8f0,2,eyepacs
e0f0f8b898f8f8f0,2,eyepacs
e0f0f8b0acecc8e0,2,aptos
e0f0f0f8c8e0e0e0,2,aptos
e0f0f0f0f0e4cecc,2,aptos
e0f0f0e0e0e6e0e0,2,aptos
e0f0f0e0e0e0f0c0,2,eyepacs
e0f0f0e0e0e0e0d0,2,eyepacs
e0f0f0e0e0c0c0e0,2,eyepacs
e0f0f0e0c0c0c0c4,2,aptos
e0f0e0e0e0f0f0f0,2,eyepacs
e8f0e0e0e0e0f0c0,2,eyepacs
d0f0e0c0c0c0c0c0,2,aptos;eyepacs
d0f0b8f8ecfcf0f0,2,eyepacs
d0f0b8b8b8b8f0c0,2,eyepacs
d0f0b0e0e0b0f0c0,2,eyepacs
d0f0a0e0e0e0f0d0,2,eyepacs
d0e0e0e0e0e0e0e0,2,aptos;eyepacs
d0e0e0e0e0a0c0c0,2,eyepacs
d0e0c0c4c4c0e0c0,2,eyepacs
e8f0e0e0e0e0e0e0,2,eyepacs
e8e8f4b4fcfcf8e8,2,aptos
e8dcbeaeaefefce8,2,eyepacs
e8ccae8eaea6fce8,2,eyepacs
e6e2e2889383c6c6,2,aptos
e4f0e0e0f0f0f0fc,2,aptos
e4c09090f0f0f0f8,2,aptos
7060c0c0e0e07070,2,aptos;eyepacs
7060c0c0c0f07070,2,aptos
68f8f8eeecf8f870,2,eyepacs
f0c0e0c0c0c0e0f0,2,messidor2
f0c0c0c4c4c0e0f0,2,messidor2
f0c0c0c0c0e0e0f0,2,aptos;messidor2
f0c0a0c0c4c0c0f0,2,messidor2
f0c09090d0d0e0f8,2,aptos
f0b0f0e0e0f0b0d0,2,eyepacs
ecf4f2fafafafcfc,2,eyepacs
eceaf0f0e0e2f0f8,2,aptos
e8fcbeaeaebedce8,2,eyepacs
e8f8f8f8f8f8f8f0,2,eyepacs
e8f8f0fae6e0e0e0,2,aptos
e8f0f0f8f8f8f0f0,2,aptos;eyepacs
e8f0f0e0e0e0f0e0,2,aptos;eyepacs
f0d8f0e0f0e0c0e0,2,aptos
f0d4fcfcdcfcf8f0,2,messidor2
f0d0e0c0c4e0d0f0,2,messidor2
f0d0c0c4c4c0c0f0,2,messidor2
f0d0c0c0c0e0e0f0,2,messidor2
f0cc9e9c9cdaccf0,2,messidor2
f0c8cc8e8eccccf0,2,eyepacs
f0c4c2c0c4c0c0f0,2,messidor2
f0c4c0c0c2c0c0f0,2,messidor2
f0c4c09088c0c0f0,2,aptos
f0c0e0e0e2e0e0f0,2,messidor2
f0c0e0c0c4e0f0f0,2,messidor2
f0c0e0c0c0e0c0f0,2,messidor2
7060c0c4cccc6870,2,eyepacs
7060c0c4c4c46070,2,eyepacs
7060c0c0e0f07870,2,eyepacs
d0e0c0c0c0c080c0,2,eyepacs
d0d8f0f0f8f8f878,2,aptos
d0d0f0f0e6e0c068,2,aptos
d0bcf6eeeece9ecc,2,aptos
d0b8e0eec68686c4,2,aptos
d0b8b8bcbcb8b0d4,2,eyepacs
d0b29098888082c4,2,aptos
d0b0f0e0e0e0f0d0,2,eyepacs
d0b0f0e0e0e0e0d0,2,eyepacs
d0b0e0e0e0e0f0f0,2,eyepacs
d0b0e0e0c0e0e0c0,2,eyepacs
d0b0d0d4c480c2c4,2,aptos
d0b0c0ac8090c0d0,2,aptos
d0b0a0e0e0e0e0c0,2,eyepacs
d0a0c0c0c0e0f0d0,2,eyepacs
ce86e0c0828a8ccc,2,aptos
f0e0c0c4c4e0c0f0,2,messidor2
f0e0c0c2e0e0c0f0,2,aptos
f0e0c0c0e0f0f8f0,2,aptos
f0e0c0c0e0f0f0f0,2,eyepacs
f0e0c0c0e0e0e0f0,2,aptos;messidor2
f0e0c0c0e0e0d0f0,2,aptos
f0e0c0c0c4e0d0f0,2,messidor2
f0e0c0c0c4c0f0f0,2,aptos;messidor2
f0e0c0c0c4c0c4f0,2,messidor2
f0e0c0c0c0e0f0f8,2,eyepacs
f0e0c0c0c0e0e4f0,2,aptos;messidor2
f0e0c0c0c0e0e0d0,2,eyepacs
f0e0c0c0c0c0e0c0,2,eyepacs
f0e0c0808880c0e0,2,aptos
f0e0c0808080c0f0,2,aptos
f0dcfcfcfcfcfcf0,2,messidor2
c4d2d8ececdcf8f0,2,aptos
c4c6929a9a9edccc,2,eyepacs
c4b8f8f6fefef4cc,2,aptos
f0e0e0c0c0c0c0e0,2,aptos;eyepacs
f0e0e0c08084c0e0,2,aptos
f0e0e08088c0e0f0,2,messidor2
f0e0e08080c0c0f0,2,aptos
f0e0d0c0c4e0e0f0,2,aptos
f0e0c2c6c6c6d4f0,2,aptos
f0e0c0d0d0c0c0f0,2,aptos
f0e0c0c8c8c0c0c0,2,aptos
f0e0c0c8c0e0e0f0,2,eyepacs
f0e0c0c4e0f0f0f8,2,aptos
f0e0c0c4c6c0e0f0,2,messidor2
f0e0c0c4c4e0f0d0,2,eyepacs
f0e0c0c4c4e0e0c4,2,eyepacs
60f0f8fcecf8f860,2,eyepacs
60f0f8f8f8f8f070,2,eyepacs
f0e0e0c0c0c0c4e0,2,messidor2
ccfcfcfcaef6fefc,2,aptos
cce0e0c0c0e0e0f4,2,aptos
cce0d0d0d0e0f0f8,2,aptos
c8f8b0b4f4bcdcdc,2,aptos
c8d0a0e0e0a0c0c0,2,eyepacs
c8c0e0e0e0e0e0c0,2,eyepacs
c8c08090d0c0f0f0,2,aptos
c8b8b8b8b8b8b8d4,2,aptos;eyepacs
c6e4c0c8ccc882c4,2,aptos
c6e2c08090c8e0f0,2,aptos
c6dec4c8c0f0e0e0,2,aptos
c4f0d090d2f0f0f8,2,aptos
c4e0f2d2c2cedcfc,2,aptos
f0e0e0c2c0e0f0f0,2,aptos
f0e0e0c0e0e0f0f0,2,eyepacs
f0e0e0c0e0e0f0c8,2,eyepacs
f0e0e0c0e0c0c0f0,2,messidor2
f0e0e0c0c6c0e0f0,2,aptos;messidor2
f0e0e0c0c4e0d0f0,2,messidor2
f0e0e0c0c4c4c0e0,2,aptos;eyepacs
f0e0e0c0c4c0e4f0,2,aptos;messidor2
f0e0e0c0c0e0f0e0,2,eyepacs
68f8f8eeecf8f070,2,eyepacs
68f8f8ececf8f870,2,eyepacs
68ecfefefefefc78,2,eyepacs
68dcbcaeaebcfc78,2,eyepacs
68dcbcaeaebcdc68,2,eyepacs
60f8fceeecf8f870,2,eyepacs
60f8f8ecfcf8f870,2,eyepacs
f0e0e0c4c4c0c0f0,2,messidor2
c482c2c6c6e2a2cc,2,eyepacs
c2e0f0e0888882c4,2,aptos
c2a0e08088c082c4,2,aptos
c0f0f8f8f8f8f0f0,2,eyepacs
c0f0f8e8ccecfcdc,2,aptos
c0f0e0e0e0e0f0d0,2,eyepacs
c0f0e0e0e0e0e0c0,2,eyepacs
c0f0e0c0e0e0e0e0,2,eyepacs
c0f0c0c8c0c080d4,2,aptos
c0f0a0e0e0a0e0c0,2,eyepacs
c0e0e0e0e0e0f0e0,2,eyepacs
c0e0e0e0e0e0e0c0,2,eyepacs
c0e0e0e0e0e0a0c0,2,aptos;eyepacs
c0e0e0e0c0c8c2c8,2,aptos
c0e0e0c0c0e0e0f0,2,eyepacs
f0e0e0e0e2e0e0e0,2,aptos;eyepacs
f0e0e0e0e0e0c0f0,2,aptos;messidor2
f0e0e0e0e0c0c0e0,2,eyepacs
f0e0e0e0e0a0c0c0,2,eyepacs
f0e0e0e0c0f0f0f0,2,eyepacs
f0e0e0e0c0e0f0e0,2,eyepacs
f0e0e0e0c0e0e0e0,2,eyepacs
f0e0e0e0c0c0e0c0,2,eyepacs
f0e0e0c8c8e0f0e0,2,eyepacs
f0e0e0c8c8e0e0f0,2,eyepacs
f0e0e0c8c8e0e0e0,2,eyepacs
f0e0e0c8c8d8c0e4,2,aptos
f0e0e0c8c8c0e0f0,2,eyepacs
f0e0e0c6c6e0f0f0,2,aptos;messidor2
f0e0e0c4c4e0e0f0,2,eyepacs;messidor2
f0e0e0c4c4e0d0f0,2,aptos;eyepacs
c0e0e060e0e4e6e0,2,aptos
c0e0c0c0e0e0e0e0,2,eyepacs
c0e0c0c0c0e0f0f0,2,eyepacs
c0e0a0e0e0a0c0c0,2,eyepacs
c0e0989898d0e8c4,2,aptos
c0d0f8ecceeefcf8,2,aptos
c0d0b0b4b080c0e8,2,aptos
c0d0b0a2a2a2c0c4,2,eyepacs
c0d0b0a0e080c0c0,2,eyepacs
c0d0a0a0a090c0c0,2,eyepacs
f0e0e0f0c0c4e0e0,2,aptos
f0e0e0e4e0e0e0c0,2,eyepacs
f0e0e0e2e0f0f0f0,2,aptos
f0e0e0e2e0f0d0f0,2,aptos
f0e0e0e2e0e0e0e0,2,eyepacs
f0e0e0e2e0e0c0f0,2,aptos
f0e2c0c0c0c084f0,2,aptos
f0e0f0fcdcf8f0f0,2,messidor2
f0e0f0f8f8f0e0f0,2,aptos
f0e0f0f8bcf8f0f0,2,aptos
f0e0f0f0f4f0c0e0,2,aptos
f0e0f0c8cccc90e8,2,aptos
f0e0f0c8c8e0e0f0,2,aptos;eyepacs
f0e0f0c8c8c0e0e0,2,aptos;eyepacs
f0e0f0c0c4e0f0f0,2,messidor2
f0e0f0b8f8f0e0e0,2,aptos
f0e0f0909088e0f0,2,aptos
f0e0e8c4c4c0f0f0,2,aptos
f0e0e4e4e0e0e0e0,2,eyepacs
f0e0e4e4e0e0e0c0,2,eyepacs
f0e0e0f2e2c2c4e8,2,aptos
c0e0e0a088c0c4e8,2,aptos
60f0e0e4e0e0c060,2,aptos
60f0e0e0e4e4e070,2,eyepacs
60f0e0c8e8e0e070,2,eyepacs
60f0e0c8c8e0f070,2,eyepacs
60f0e0c0c0e0f070,2,eyepacs
f0f0c0c4c4c0e0f0,2,eyepacs;messidor2
f0f0c0c0c4e0f0f0,2,messidor2
f0f0c0c0c0e0e0e4,2,aptos;eyepacs
f0f0b8b8b8b8f8f0,2,eyepacs
f0f0b8b8b8b8f0d4,2,eyepacs
f0e8f8fcdcf8f0f0,2,messidor2
f0e8f8dcdcfcf0f0,2,messidor2
f0e8f0e0e0e0f0f0,2,aptos
f0e4f8fcdcfcfcf0,2,messidor2
f0e4e4c2e0f0c8f0,2,aptos
f0e4e0c0c4e0e0f0,2,messidor2
c0c0e0e0e080c0c0,2,eyepacs
c0c0c0c4c4c0e0e0,2,eyepacs
c0c0c0c0c0e0e070,2,aptos
c0c0a0e0e0a0c0c0,2,eyepacs
c0c0a0a2a280c0c0,2,eyepacs
c0c0988c8cdc9edc,2,aptos
c0c090909090c0c0,2,eyepacs
c0c090909080c0c0,2,eyepacs
c0c080c08080c0c0,2,eyepacs
c0c080a0a080c4c0,2,eyepacs
c0c080a0a080c0c4,2,eyepacs
60f0f888e8f8f070,2,eyepacs
60f0f0f8f8f8f060,2,eyepacs
60f0f0c8c8e0f070,2,eyepacs
60f0f0a8e8f0f070,2,eyepacs
60f0f088e8e0f070,2,eyepacs
f0f0e0c0c6e0f0f0,2,messidor2
f0f0e0c0c4e0f4f0,2,messidor2
f0f0e0c0c4e0f0e0,2,eyepacs;messidor2
f0f0e0c0c4c0e0e0,2,aptos;eyepacs
f0f0e0c0c0e0f0d0,2,eyepacs
f0f0e0c0c0c0c0e4,2,aptos
f0f0dededce0c0f0,2,aptos
f0f0d8c8c8d8e0e4,2,eyepacs
f0f0d89cdcbcf8f0,2,aptos
f0f0d898f8f8f8f8,2,eyepacs
f0f0c0cdd5f4f0f0,2,aptos
f0f0c0c4c4e0f0f0,2,eyepacs
60f0f8f8f8f0f070,2,eyepacs
c0c2ea444cc0e0e0,2,aptos
c0c2c0d0d2c2c4ec,2,aptos
c0c0e0e0e0c0c0c0,2,eyepacs
f0f0e0e0c2e0f0f0,2,aptos
f0f0e0e0c0e0f0f8,2,eyepacs
f0f0e0e0c0c0c0f0,2,aptos
f0f0e0c8c8c0e0e0,2,eyepacs
f0f0e0c4e4e0e0f0,2,eyepacs;messidor2
f0f0e0c4c6e0f0f0,2,messidor2
f0f0e0c4c4e0f0fc,2,aptos
f0f0e0c4c4c0e4f0,2,messidor2
f0f0e0c4c0e0f0f0,2,eyepacs
f0f0e0c4c0e0e0e0,2,eyepacs
f0f0e0c2c6e0e0f0,2,messidor2
f0f0e0c0e0f0f0f0,2,aptos;eyepacs
f0f0e0c0e0e0f0e0,2,eyepacs;messidor2
f0f0e0c0e0e0e0f0,2,eyepacs
f0f0e0c0c8e0e0f0,2,aptos
f0f0e0c0c8e0e0e0,2,eyepacs
60e4ce8e8e8ecce8,2,eyepacs
60e0f8f0f8f8fc70,2,aptos
60e0f0e0c0c8c060,2,aptos
60e0e0e8e8f0f070,2,eyepacs
60e0e0e0e0f0f060,2,aptos
60e0e0c8e8f0f070,2,eyepacs
60e0e0c8e8e0f070,2,eyepacs
60e0e0c8d0f0f070,2,eyepacs
f0f0e0e0e0e0d0c0,2,eyepacs
f0f0e0e0e0c4c0c0,2,eyepacs
f0f0e0e0e0c0e0e0,2,eyepacs
f0f0e0e0e0b0f0d0,2,eyepacs
f0f0e0e0c8c8e0e0,2,eyepacs
f0f0e0e0c8c4c0e4,2,aptos
f0f0e0e0c8c0e0f0,2,eyepacs
f0f0e0e0c8c0e0e0,2,eyepacs
c0c080888880c0e0,2,aptos;eyepacs
c0c08080c080c0c0,2,eyepacs
c0b0f0e0e28286c4,2,aptos
c0b0f0e0e0c4e0c0,2,aptos
c0b0e0c0c4a082cc,2,aptos
c0b0e0c0c0a0a0cc,2,eyepacs
c0b0c0c0c0e0e0e0,2,eyepacs
c0b0b0d8dc8c94cc,2,aptos
c0a0e0c0c4e0e0c0,2,eyepacs
c0a0e0c0c0e0b0c0,2,eyepacs
c090a0a0a0a080c0,2,eyepacs
c080e0f0e0e080c0,2,eyepacs
c080c0c0c08080c0,2,aptos;eyepacs
c080b08888c0a0c4,2,aptos
c080a0a0a0a080c0,2,eyepacs
60f0c0c8e8ccdc78,2,aptos
f0f0e0e2e2e0e0f0,2,eyepacs
f0f0e0e2e2e0e0d0,2,eyepacs
f0f0e0e2e0e0e0c0,2,eyepacs
f0f0e0e2e0e0c0c0,2,eyepacs
f0f0e0e0e4c4c4e0,2,eyepacs
f0f0e0e0e2e2f0f4,2,eyepacs
f0f0e0e0e2e0f8f0,2,aptos
f0f0e0e0e2c0e0f0,2,aptos
f0f0e0e0e0f0e8f0,2,aptos
f0f0e0e0e0e2f0cc,2,eyepacs
f0f0e0e0e0e2e0e4,2,eyepacs
f0f0e0e0e0e0e0f4,2,eyepacs
f0f0e0e0e0e0e0c8,2,eyepacs
f0f0e0e0e0e0d0e0,2,eyepacs
60f0e088e8e0f060,2,eyepacs
60f0e088c8e0f070,2,eyepacs
60c0e088c8e0f070,2,eyepacs
f0f0e0e2e2e2f0dc,2,eyepacs
f0f0e0e2e2e2f0d4,2,eyepacs
c080a0a0a08080c0,2,eyepacs
c08080f0c0e0c070,2,aptos
c08080828280c2c0,2,aptos
c0808082828080c0,2,eyepacs
c08080808080c0c0,2,eyepacs
be7f6d6e76f6b6de,2,aptos
b868f8cecec83c3c,2,aptos
b8383cc4f5f0f2f0,2,aptos
b070787c7c787030,2,eyepacs
b070706060707030,2,eyepacs
a0e0808080c0c0c0,2,aptos
9010101c14100000,2,aptos
f0f0e0e2e2e2e0f0,2,eyepacs
82812d1c187039fd,2,aptos
78fcfefeeefefc78,2,eyepacs
78fcfeeeeefcfcf8,2,eyepacs
78fcfeeeaebcfce8,2,eyepacs
78fcfebebefefc78,2,eyepacs
78fcfe9edefefc78,2,eyepacs
78fcfcfefefcf878,2,eyepacs
78fcfcfcfefcfc78,2,eyepacs
78fcfcfcfcfcfc78,2,eyepacs
78fcfceeeefcfc68,2,eyepacs
60e0e088c8e0e070,2,eyepacs
60e0e080e8e0e070,2,eyepacs
60e0c0c8c0e0e070,2,eyepacs
60e0c0c0e0f0f070,2,eyepacs
60e0c0c0c0c0c068,2,aptos
60c0e0c8c8e0e070,2,eyepacs
f0f0f0b090c0c8f8,2,aptos
f0f0f098d8c0c0ec,2,aptos
f0f0f08888c0c2c4,2,aptos
f0f0e4e6e68e8ae0,2,aptos
f0f0e2e2e2e2f6dc,2,eyepacs
f0f0e2e2e2e2f2f4,2,eyepacs
f0f0e2e2e2e2f0dc,2,eyepacs
f0f0e2e2e2e2f0d4,2,eyepacs
f0f0e0f0f0e0f0d0,2,eyepacs
f0f0e0e6e6e0e0e0,2,eyepacs
f0f0e0e6e2e0e0e0,2,eyepacs
f0f0e0e6e0e0e0c0,2,eyepacs
f0f0e0e4e4e0e0e0,2,eyepacs
f0f0e0e4e0f0f0cc,2,eyepacs
60e0e0c8c8e0e060,2,eyepacs
60e0e0c0c0e0e070,2,eyepacs
f0f0f0dcdcf8f0f0,2,messidor2
f0f0f0d8f8f8f0f0,2,eyepacs
f0f0f0d898f0f0e0,2,eyepacs
f0f0f0c8c8f0f0e0,2,eyepacs
f0f0f0c8c8e0f0e0,2,eyepacs
f0f0f0c8c8c8e0e0,2,eyepacs
f0f0f0c8c8c8c0c0,2,eyepacs
f0f0f0c8c8c0e0f0,2,eyepacs
f0f0f0c0e0e0f0d0,2,eyepacs
f0f0f0c0e0e0e0f0,2,eyepacs
f0f0f0c0e0e0e0e0,2,eyepacs
f0f0f0c0c4e0e0f0,2,aptos
f0f0f0c0c0f0f0f0,2,eyepacs
f0f0f0c0c0c0e0e0,2,eyepacs
f0f0f0c0c0c0c0e4,2,aptos
f0f0f0c0c0c0c0c0,2,eyepacs
78fcfcececfcfc78,2,eyepacs
78fcfcececfcf878,2,eyepacs
78fcfcdcdcfcfc78,2,eyepacs
78fcfcbebefcfc78,2,eyepacs
78fcfcbeaebcfc78,2,eyepacs
78fcfcaeaefcfc78,2,eyepacs
78fcfcaeaebcfc68,2,eyepacs
78fcfcaeaebcdc68,2,eyepacs
78fcfcae8ebcdc68,2,eyepacs
78fcfc8eaefcfc68,2,eyepacs
78fcf4f6f6fefc78,2,eyepacs
78fcde9e9ededc78,2,eyepacs
78fcde9e8ebedce8,2,eyepacs
f0f0f0e0c0e0e0c0,2,eyepacs
f0f0f0e0c0c2e0f0,2,aptos
f0f0f0dcdcf8f8f0,2,aptos;eyepacs
78fcbeaeaebefce8,2,eyepacs
78fcbcaeaebefc68,2,eyepacs
78fcbcaeaebcdce8,2,eyepacs
78f8fcfcfcfcf878,2,eyepacs
78f8fcfcf8f0f070,2,eyepacs
78f8fceeecfcf870,2,eyepacs
78f8fceeecf8f870,2,eyepacs
78f8fcecfcf8f870,2,eyepacs
78f8f8fcfcf8f070,2,eyepacs
3078fcf8fcfc7870,2,eyepacs
3078fcdcdcf87870,2,aptos;eyepacs
3078fcdcd8f87070,2,eyepacs
f0f0f0e0c8c8c0c4,2,eyepacs
f0f0f0e0c8c8c0c0,2,eyepacs
f0f0f0e0c0f0f0e0,2,eyepacs
f0f0f0e0c0f0e0f0,2,eyepacs
f0f0f0e0e0f0f0f4,2,eyepacs
f0f0f0e0e0f0f0d4,2,eyepacs
f0f0f0e0e0e2f0f4,2,eyepacs
f0f0f0e0e0e2f0d4,2,eyepacs
f0f0f0e0e0e0f0f4,2,aptos;eyepacs
f0f0f0e0e0e0f0dc,2,eyepacs
f0f0f0e0e0e0e0e4,2,eyepacs
f0f0f0e0e0e0e0c4,2,eyepacs
f0f0f0e0e0c0c0c0,2,eyepacs
f0f0f0e0e0a0f0d0,2,eyepacs
f0f0f0e0c8e0e0e0,2,eyepacs
6060c0c0c0c06070,2,eyepacs
3170787878787030,2,eyepacs
3170606060607030,2,eyepacs
78fcde8e8ededc78,2,eyepacs
78fcde8e8ededc68,2,eyepacs
f0f0f0e8c0f0f0f0,2,eyepacs
f0f0f0e888f0e0e0,2,eyepacs
f0f0f0e2e2e2f2f4,2,eyepacs
f0f0f0e2e2e2f0e4,2,eyepacs
f0f0f0e2e2e2f0dc,2,eyepacs
f0f0f0e2e2e2e0c0,2,eyepacs
f0f0f0e0e4e0e0e0,2,eyepacs
f0f0f0e0e2e2e0f0,2,eyepacs
f0f0f0e0e2e0e0f0,2,aptos
3078f8fcfcf87070,2,eyepacs
3078f8f8f8fc7870,2,eyepacs
3078f8f8f8f87878,2,eyepacs
3078f8f8f8f87030,2,eyepacs
3078f8f8f8f47070,2,eyepacs
3078f8dcdcf87870,2,aptos;eyepacs
3078f8d8f8f87070,2,eyepacs
f0f0f0f0c0e0e0e0,2,eyepacs
f0f0f0eccccccccc,2,eyepacs
78f8f8fcf8f8f870,2,eyepacs
78f8f8fcccf8f870,2,eyepacs
78f8f8eeeef8f870,2,eyepacs
78f8f8eeecf0f070,2,eyepacs
78f8f8ececf0f070,2,eyepacs
78f8f8ececdcd868,2,aptos
78f0f0e0e0e0e060,2,aptos
78f0e0c8e8e0f070,2,eyepacs
78e0e0c8e8e0e070,2,eyepacs
78dcfeeeeefcfc78,2,eyepacs
f0f0f0e8e0e0e0f4,2,aptos
f0f0f0e8c8c8e0e0,2,eyepacs
f0f0f0e8c8c0e0f0,2,eyepacs
f0f0f0e8c8c0e0e0,2,eyepacs
f0f0f0f8f8f8f0fc,2,eyepacs
f0f0f0f8f8f8f0c4,2,eyepacs
f0f0f0f8ecfcfcf8,2,eyepacs
f0f0f0f8e8e8f0f0,2,aptos;eyepacs
f0f0f0f8d8f8f8f8,2,eyepacs
f0f0f0f8d8f8f0f0,2,eyepacs;idrid
f0f0f0f8d8f8f0c0,2,eyepacs
f0f0f0f888f0e0e0,2,eyepacs
f0f0f0f0f0f0f0f0,2,eyepacs
f0f0f0f0e0f0f0e0,2,eyepacs
f0f0f0f0e0e4e4e0,2,aptos
f0f0f0f0e0e0f0d0,2,eyepacs
f0f0f0f0e0e0e0c0,2,eyepacs
f0f0f0f0c8f0f0e0,2,eyepacs
f0f0f0f0c8c8f0e0,2,eyepacs
f0f0f0f0c0f0e0f0,2,eyepacs
7060e0c0c4e06070,2,aptos;eyepacs
7060e0c0c0c06070,2,eyepacs
7060d0f8f8f07070,2,eyepacs
7060c4e4e0e06070,2,eyepacs
7060c4e0e4e07070,2,eyepacs
7060c4e0e4e06870,2,eyepacs
78dcbeaeaebedc68,2,eyepacs
787cfcfcfcfc7c78,2,eyepacs
787cfcfcfcfc7878,2,eyepacs
7178f8f8f8f87870,2,eyepacs
f0f0f0fcdcf8f0f0,2,messidor2
f0f0f0f8fcfcf8f0,2,aptos;eyepacs
f0f0f0f8fcf0f0f0,2,eyepacs
f0f0f0f8fcdcf8f8,2,aptos;idrid
f0f0f0f8f8fcf8f8,2,aptos
f0f0f0f8f8f8f8d0,2,eyepacs
70f8fcececf0f070,2,eyepacs
70f8f8fefcf8f870,2,eyepacs
70f8f8feecf8f870,2,eyepacs
70f8f8fcfcf8f860,2,eyepacs
70f8f8fcecfcf870,2,eyepacs
70f8f8fcecfce870,2,eyepacs
3078f8d8d8f87070,2,eyepacs
3078f8d8d8f87030,2,eyepacs
3078f8d8d8d87878,2,eyepacs
3078f4fcf8fc7830,2,eyepacs
3078f4d4cccc6830,2,eyepacs
3078f0f8d8f87070,2,eyepacs
3078f0f0f0f87870,2,eyepacs
3078f0f0f0f07830,2,eyepacs
f0f0f898f8f8f0f0,2,eyepacs
f0f0f898b8f8f8f0,2,eyepacs
70f8f8ecfcf8f870,2,eyepacs
70f8f8ece8f8f878,2,eyepacs
70f8f8eae8f8f870,2,eyepacs
70f0f8fcfcf8f870,2,eyepacs
f0f0f8bcf8f0ecf0,2,aptos
f0f0f8bcdcf8f8f0,2,idrid;messidor2
f0f0f8b8f8f8f8f4,2,eyepacs
f0f0f8b8f8f8f0e0,2,aptos;eyepacs
f0f0f8b8f8f8e0e0,2,aptos
f0f0f8b898f8f8f0,2,eyepacs
f0f0f8b89898f8f8,2,eyepacs
f0f0f89c9cf8f8f0,2,eyepacs;messidor2
f0f0f898f8f8f8f0,2,eyepacs
3078f8d8f8f07070,2,eyepacs
7170e0e0e4e07070,2,eyepacs
70f8fceeecf8f070,2,eyepacs
f0f0f8f8b8f8f8f8,2,eyepacs
f0f0f8f89cdcdcf8,2,eyepacs
f0f0f8eeeeee8cc8,2,aptos
f0f0f8ececf8f8f8,2,eyepacs
f0f0f8dcdcfcf0f0,2,aptos;eyepacs
f0f0f8dc9cf8f4f0,2,messidor2
f0f0f8d8f8f8f8fc,2,eyepacs
f0f0f8d8f8f8f8f8,2,eyepacs
f0f0f8d8f8f8f8f4,2,eyepacs
f0f0f8d8d8f8f0e0,2,eyepacs
f0f0f8d8d8f0f0f0,2,eyepacs
70f8f8f8f8f87870,2,eyepacs
70f8f8eeeef8f870,2,eyepacs
70f8f8eeecf0f070,2,eyepacs
70f8f8eee8f8f070,2,eyepacs
70f8f8ecfcf8f878,2,eyepacs
307878f8f8f87870,2,eyepacs
3070f8fcfcf87070,2,eyepacs
3070f8fcfcf87030,2,eyepacs
3070f8fcf8f87030,2,eyepacs
3070f8fcecf87830,2,eyepacs
3070f8fcdcf87070,2,aptos
f0f0f8f8f8f0f0f8,2,eyepacs;messidor2
f0f0f8f8f8f0e0f0,2,aptos
f0f0f8f8f8b8f8d4,2,eyepacs
f0f0f8f8ecfcf8f8,2,aptos;eyepacs
f0f0f8f8e8ecf0f0,2,eyepacs
f0f0f8f8dcfcf8f0,2,eyepacs
f0f0f8f8d8f8f8e0,2,eyepacs
f0f0f8f8d8f8f8d0,2,eyepacs
f0f0f8f8d8f8f0e0,2,eyepacs
f0f0f8f8d8d8dcfc,2,eyepacs
70f0f8f8f8f8f060,2,eyepacs
70f0f8f8f0f0f070,2,eyepacs
70f0f8f8d8f8f8f0,2,eyepacs
70f0f8f8d8f87070,2,eyepacs
70f0f8eeecf8f870,2,eyepacs
70f0f8eeecf8f868,2,eyepacs
70f0f8ececf8f870,2,eyepacs
70f0f8c8cce8e070,2,eyepacs
70f0f0f8f0f0f060,2,eyepacs
70f0f0f0eccccc68,2,aptos
70f0f0f0e0e0f070,2,eyepacs
70f0f0c8e8e0e060,2,eyepacs
3078f0d8d8f87070,2,eyepacs
3078dcd8f8f87870,2,eyepacs
3078d8d8f8f07070,2,eyepacs
3078d8d8d8f07070,2,eyepacs
3070f0fcf8f87070,2,eyepacs
f0f0f8fcf8f8f8d0,2,aptos
f0f0f8fcf8f8f0e0,2,eyepacs
f0f0f8fcf8f0f0f0,2,eyepacs
f0f0f8fcdcf8f0e0,2,aptos;eyepacs
f0f0f8fcdcdcf8f0,2,aptos
f0f0f8fcd8f8f8f0,2,eyepacs;messidor2
f0f0f8f8fcfcf8f0,2,eyepacs
f0f0f8f8fcf8f8f8,2,eyepacs
f0f0f8f8fcf8f8f4,2,eyepacs
f0f0f8f8f8faf8fc,2,eyepacs
f0f0f8f8f8f8f8dc,2,eyepacs
f0f0f8f8f8f8f0fc,2,eyepacs
3078f0e4e4f07870,2,eyepacs
3078f0e0e4e07070,2,eyepacs
70f0f8fcf8f8f070,2,eyepacs
3070f8f8f8f07870,2,eyepacs
70f0f0c8c8e0e060,2,eyepacs
70f0f0a8e8e0e070,2,eyepacs
70f0f088e8f0f070,2,eyepacs
70f0e0e8e8f0f070,2,eyepacs
70f0e0e0e4e0e8f0,2,eyepacs
70f0e0e0e4e0e0f0,2,eyepacs
70f0e0e0e0f0f070,2,eyepacs
70f0e0e0e0e0e060,2,eyepacs
70f0e0c8e8e0f060,2,eyepacs
70f0e0c8c8f0f070,2,eyepacs
70f0e0c0e8e0f070,2,eyepacs
3070f8f0f0f07070,2,eyepacs
3070f8d8f8f07070,2,eyepacs
3070f0fcfcf07070,2,eyepacs
3070f0fcf8f87830,2,eyepacs
f0f4f8fcdcf8fcf0,2,messidor2
f0f4f8dcdcf8f8f0,2,messidor2
f0f4f89c9cfcf8f0,2,messidor2
f0f4d4a4e4e48cf0,2,aptos
f0f2fcdcfcf8f0f0,2,aptos
f0f2f8fcdcf8f8f0,2,messidor2
f0f0fcfcfcfcf0f0,2,aptos
f0f0fcfcfcf8f0f0,2,aptos;eyepacs
f0f0fcdcdcfcf0f0,2,aptos;messidor2
f0f0fa9c9cfafcf0,2,messidor2
f0f0f8fcfcfcfcf8,2,aptos
f0f0f8fcfcf8fcf0,2,messidor2
f0f0f8fcfcf8f8f8,2,eyepacs
f0f0f8fcfcf8f0e0,2,eyepacs
f0f0f8fcfcf0f0e0,2,eyepacs
f0f0f8fcfaee8ecc,2,aptos
f0f8b8b8f8f8f8fc,2,eyepacs
f0f8b8b8b8b8f8f8,2,eyepacs
70f0e088c8e0f070,2,eyepacs
70e4ce8e8ececc68,2,eyepacs
70e0e8c8e8e0f070,2,eyepacs
70e0e0e4e0f0f070,2,eyepacs
70e0e0e0e0e0f070,2,eyepacs
70e0e0c8e8e0e060,2,eyepacs
70e0e0c0e0e0e070,2,eyepacs
70e0e0a8e8f0f070,2,eyepacs
f0f6f8fcdcfcf0f0,2,aptos
f0f4fcdcdcf8f8f0,2,messidor2
f0f4fafcfcfcfcf0,2,messidor2
f0f4f8fcfcf8f8f0,2,messidor2
f0f4f8fcfcf8f0f0,2,messidor2
f0f4f8fcdcfcfcf0,2,messidor2
70e0e088c8f0f070,2,eyepacs
70e0e088c8e0f070,2,eyepacs
70e0e088c8e0e070,2,eyepacs
707cfcf8f8f87870,2,eyepacs
7078fcfcf8f47870,2,eyepacs
7078fcfcf4fc7870,2,aptos;eyepacs
7060e0e0c8e06070,2,eyepacs
7060e0e0c8c86070,2,eyepacs
7060e0e0c0cc6870,2,aptos
f0f8f0f8ecfcf8f8,2,eyepacs
f0f8f0e0e0e0e0e0,2,eyepacs
f0f8dcdcf8f0c4f0,2,aptos
f0f8d8d8f8f8f8f8,2,eyepacs
f0f8d89898f8f8f0,2,eyepacs
f0f8ccccc8e0f0f0,2,aptos
f0f8b8f8fcf8f8f0,2,eyepacs
f0f8f8b8a6f4f4e8,2,aptos
f0f8f898f8f8f8f8,2,eyepacs
f0f8f898f8f8f0f0,2,eyepacs
f0f8f898f8f8f0e0,2,eyepacs
f0f8f898d8f8f8f8,2,eyepacs
f0f8f898d8f8f8f0,2,eyepacs
f0f8f898d8f8f0e0,2,eyepacs
f0f8f898b8f8f8fc,2,eyepacs
f0f8f898b8f8f8f8,2,eyepacs
f0f8f898b8b8f8f0,2,eyepacs
f0f8f8989cf8f8f0,2,eyepacs
f0f8f89898f8f8f8,2,eyepacs
f0f8f4feeed8c8f0,2,aptos
f0f8f0fcdcfcfcf0,2,messidor2
f0f8f0fcdcf8f8f0,2,messidor2
f0f8f0fcdcf8f0f0,2,eyepacs;messidor2
f0f8f8b8f8f8f8e0,2,eyepacs
f0f8f8b8f8f8f0e0,2,eyepacs
f0f8f8b8f8f8e0f0,2,aptos
7060e0c8c8e07070,2,eyepacs
7060e0c8c8e06870,2,eyepacs
7060e0c4e4e07070,2,eyepacs
7060e0c4e4e06070,2,eyepacs
7060e0c0e0e07070,2,aptos;eyepacs
7060e0c0c8e07070,2,aptos
7078fcfcd8f87870,2,eyepacs
7078fcf8f8f47070,2,eyepacs
7078fcecfcfc7870,2,aptos
f0f8f8b8f8f0e0f0,2,aptos
f0f8f8b8b8faf8fc,2,eyepacs
f0f8f8b8b8f8f8f4,2,eyepacs
f0f8f8b8b8b8f8fc,2,eyepacs
f0f8f8d8f8f8f0f4,2,eyepacs
3070f0fcf8f07030,2,eyepacs
7078fcecfcf86870,2,eyepacs
7078fcececec7870,2,aptos;eyepacs
7078fcece8f07070,2,eyepacs
7078fcdcdcf87870,2,eyepacs
7078fcd8d8f87870,2,eyepacs
7078f8fcecec6870,2,aptos;eyepacs
7078f8f8f8f87878,2,eyepacs
3070f0fcecf87030,2,eyepacs
3070f0f8f8f07830,2,eyepacs
3070f0f8f8f06070,2,eyepacs
3070f0f8e8f07070,2,eyepacs
3070f0f8d8f07070,2,eyepacs
f0f8f8d8d8f8f0e0,2,eyepacs
f0f8f8b8f8f8f8f8,2,eyepacs
3070f0f0f0f87030,2,eyepacs
3070f0f0f0f07830,2,eyepacs
f0f8f8f8d8f8f8d0,2,eyepacs
f0f8f8f8d8f8f0f0,2,eyepacs
f0f8f8f8b8f8f8f8,2,eyepacs
f0f8f8eceeeebecc,2,aptos
f0f8f8ececfcf8f8,2,eyepacs
f0f8f8ececf8f0f0,2,eyepacs
f0f8f8ececccdeec,2,aptos
f0f8f8ecec8c8ed4,2,aptos
f0f8f8dcfcfcf8f8,2,eyepacs
f0f8f8dcdcfcdcf0,2,messidor2
f0f8f8dcdcf8f8f8,2,aptos;idrid
f0f8f8dcdcf8f0e0,2,eyepacs
f0f8f8dcd8f8f0f0,2,eyepacs
f0f8f8dcccf0f0f0,2,aptos
3070f0f4f0f07030,2,eyepacs
3070f0f4ecf87030,2,eyepacs
3070f0f4e4f87830,2,eyepacs
7060e0e0e4e060f0,2,eyepacs
7060e0e0e4c46070,2,eyepacs
7060e0e0e4c06870,2,eyepacs
7060e0e0e0e070f0,2,eyepacs
7060e0e0e0d06070,2,eyepacs
7078f8f8f8f86070,2,eyepacs
7078f8f8f8f47070,2,eyepacs
7078f8f8ecec7870,2,eyepacs
7078f8f8e8f87070,2,eyepacs
7078f8ecf8f07070,2,eyepacs
7078f8ececf87070,2,eyepacs
3070f0f4e4f07830,2,eyepacs
3070f0f0f4f07070,2,eyepacs
7078f8e8f8f07070,2,eyepacs
7078f8e0e0f07070,2,eyepacs
7078f8dcfcfc7870,2,eyepacs
7078f8d8d8f86870,2,aptos;eyepacs
7078f8d8d8f07070,2,eyepacs
7078f4fcfcfc7870,2,eyepacs
7078f4f8f8f87070,2,eyepacs
7060e0e4e4e47070,2,eyepacs
7060e0e4e4e46070,2,eyepacs
f0f8f8f8fcf8f0e0,2,eyepacs
f0f8f8f8fcf0f0f0,2,eyepacs
f0f8f8f8f8f8f8d0,2,eyepacs
f0f8f8f8f8f8e0e0,2,eyepacs
f0f8f8f8ecf8f8f0,2,eyepacs
3070f0f4fcf87830,2,eyepacs
3070f0f4f0f07070,2,eyepacs
7078f4f0f8f47870,2,eyepacs
7078f4f0f0f47870,2,eyepacs
7078f4e4e4e47070,2,eyepacs
7078f4e0e0f07070,2,eyepacs
7078f0fcfcf87870,2,eyepacs
f0f8f8fcfcfcd4e0,2,aptos
f0f8f8fcfcf8fcf0,2,messidor2
f0f8f8fcfcf8f8e0,2,eyepacs;idrid
f0f8f8fcfcf8f8d4,2,aptos;eyepacs
f0f8f8fcfcf8f8c0,2,eyepacs
f0f8f8fcf8f8f0f0,2,eyepacs
f0f8f8fcf4f0f0e0,2,eyepacs
f0f8f8fcdcfcf4f0,2,aptos;messidor2
f0f8f8fcdcf8f4f0,2,messidor2
f0f8f8fcdcb8d0f0,2,aptos
f0f8f8f8fcf8f8fc,2,eyepacs
3070f0f0e0e07030,2,eyepacs
3070f0f0e0e06070,2,eyepacs
3070f0f0d8f87070,2,eyepacs
3070f0f0d8d87870,2,eyepacs
3070f0ececf87830,2,eyepacs
f0f8fcdcf8f8e0f0,2,aptos
f0f8fcdcdcfafcf0,2,messidor2
f0f8fc9cf8f0e0f0,2,aptos
f0f8fafcdcfcfcf0,2,messidor2
f0f8f8feeefcfcf8,2,aptos
f0f8f8fcfcfcf8f8,2,eyepacs;messidor2
f0f8f8fcfcfcf0f0,2,eyepacs
7060e0e0f0f07070,2,eyepacs
7060e0e0e4f07870,2,eyepacs
7060e0e0e4e46870,2,eyepacs
7060e0e0e4e460f0,2,eyepacs
f0f8fceeeefcfcf0,2,aptos;messidor2
f0f8fceeeefcf0f0,2,aptos
f0f8fcdcfcf8f8f0,2,aptos;eyepacs
7078f0f8d8f87870,2,eyepacs
7078f0f8d8f07070,2,eyepacs
7078f0f8d8d87870,2,eyepacs
7078f0f4e4f07070,2,eyepacs
7078f0f0f8f07870,2,eyepacs
7078f0f0f0f47870,2,eyepacs
7078f0ecf8f07070,2,eyepacs
7078f0e0e4f07070,2,eyepacs
7060f0e0e4e07070,2,eyepacs
3070f0f0e8f87830,2,eyepacs
3070f0f0e8f07030,2,eyepacs
3070f0f0e0f07030,2,eyepacs
3070f0f0e0e86830,2,eyepacs
7060e4e4e4f47070,2,eyepacs
7060e4e4e4e06870,2,eyepacs
7060e4e4e4e06070,2,eyepacs
7060e4e0e4e47070,2,eyepacs
7060e4e0e4e07870,2,eyepacs
7060e0f0f0f07070,2,eyepacs
7078f0d8d8f07070,2,eyepacs
7078e8e0e0f07070,2,eyepacs
7078e4e4e0f07070,2,eyepacs
f0f8fcfcfcf8f0e0,2,eyepacs
f0f8fcfcfcf8c0f0,2,aptos
f0f8fcfcf8f0e0f0,2,aptos
f0f8fcfcf4fcd8f8,2,aptos
f0f8fcfcdcfcf0f0,2,aptos;messidor2
f0f8fcfcdcf8f0f0,2,messidor2
f0f8fcfc9cfcf8f0,2,aptos
f0fcfcfcdcf8f8f0,2,messidor2
f0fcfcfc9cfcf8f0,2,messidor2
f0fcfcdcfcfcf0f0,2,aptos
f0fcfcdcfcf8f4f0,2,aptos
f0fcfafcfcfcfcf0,2,messidor2
f0fcf8fcfcf8f8f0,2,messidor2
f0fcf8fcdcf8f8f0,2,messidor2
f0fcf8dcdcfcfcf0,2,messidor2
f0fcf8dcdcf8f8f0,2,messidor2
f0fcf6c4c6c4f0f0,2,aptos
f0fcdcdcf8f0f0f0,2,aptos
f0fcdcdcf8f0e0f0,2,aptos
f0fcbefcfcfcfcf0,2,messidor2
f0f8fcfedefcfcf0,2,aptos;messidor2
f0f8fcfedefcf8f0,2,aptos
f0f8fcfcfcfcf8f8,2,aptos;eyepacs
f0fcfedefefcf8f0,2,aptos
f0fcfedefcfcf0f0,2,aptos
f0fcfedcdcfcfcf0,2,messidor2
7078dcfcecfc7870,2,aptos;eyepacs
7078dcfcdcfc7870,2,eyepacs
7078dcdcdcf87870,2,eyepacs
7078dcd8f8f87870,2,aptos;eyepacs
7078dcd8d8f87070,2,eyepacs
7078d8fcecfc7870,2,eyepacs
7078d8f8d8f87070,2,eyepacs
7078d8d8f8f86870,2,eyepacs
f0fcfecefefcf0f0,2,aptos
f0fcfcfcfcfcf8f0,2,messidor2
f0fcfcfcf8f0e0f0,2,aptos
f0fcfcfcdcfcf4f0,2,aptos
f0fcfcfcdcf8fcf0,2,messidor2
f4f8f8f8b8f8f8f0,2,eyepacs
f4f8f8eeeef090c0,2,aptos
f4f8f8b8b8f8f8f4,2,eyepacs
f4f2f4e6c6e4a6c4,2,aptos
f4f2e0ccc8d0c6cc,2,aptos
f4f0faf8f8faf8f4,2,eyepacs
f4f0f8f8f8f8f0f4,2,eyepacs
f4f0f8f8f8f8f0f0,2,eyepacs
f4f0f0f8f8f8f8f0,2,aptos;eyepacs
f4f0f0f0b09cdcf8,2,aptos
f4f0d0a0888ccec8,2,aptos
f2e0d0a08888c4c4,2,aptos
f2d69080988882c4,2,aptos
f0fefefcfcfcfcf0,2,messidor2
f0fefefcfcf8f8f0,2,messidor2
f0fefcfcfcbce4f0,2,aptos
f4f8f8f8f8f8f0f0,2,eyepacs
7078d8d8d8d87070,2,eyepacs
7078787878787830,2,eyepacs
7078787878787030,2,eyepacs
7071f0e0e0f07070,2,eyepacs
7071e0e0e0f07070,2,eyepacs
7070fcf8f8f87870,2,eyepacs
7070f8fcecf87870,2,aptos;eyepacs
7070f8fcecec7870,2,eyepacs
7070f8fcdcfc7870,2,aptos;eyepacs
3070f0e4e4e07830,2,eyepacs
3070f0e4e4e07030,2,eyepacs
3070f0e0e8f07070,2,eyepacs
3070f0e0e8f07030,2,eyepacs
3070f0e0e8e87870,2,eyepacs
3070f0e0e0f07060,2,eyepacs
f8f0e0c0c0e0e0f0,2,eyepacs
f8f0e0c0c0e0e0e0,2,eyepacs
f8f0d6dcfcf8f8f8,2,aptos
f8f0d0d4e4f0f0f8,2,aptos
f8f0b8b8b8f8f0f0,2,eyepacs
f8e8e0e4e0e0e0e0,2,eyepacs
f8e8e0e0e0e0f0e0,2,eyepacs
f8e0e0e4e0e0e0c0,2,eyepacs
f8e0e0e0e0e0f0e0,2,eyepacs
f8dcdcd8f8f8f0f0,2,eyepacs
f8d8f8f8f8f8f0e0,2,eyepacs
f8d8dcf0f0f0c4e0,2,aptos
f8d8d898f8f8f0f0,2,eyepacs
f8bcfce6e6bc9cd4,2,aptos
f8b0e0e3f28686c4,2,aptos
f4f8f8f8f8f8f8f4,2,eyepacs
3070f0e0e0e06870,2,eyepacs
7070f8f8f8f878f0,2,eyepacs
7070f8f8f8f47070,2,eyepacs
7070f8f8f8d87870,2,eyepacs
7070f8f8ecec7870,2,eyepacs
7070f8f8d8f86070,2,eyepacs
7070f8dcdcf87870,2,eyepacs
7070f8d8dcf87870,2,eyepacs
7068c4c0c8e0e070,2,aptos
3070f0e0c8f07070,2,eyepacs
3070f0d8f8f87870,2,eyepacs
3070f0d0f0f07070,2,eyepacs
3070f0c0e8f07070,2,eyepacs
3070f0c0e0f07070,2,eyepacs
3070f0c0e0f07030,2,eyepacs
f8f0e0e0e0e0c0c0,2,eyepacs
7060f0f8d8f87070,2,aptos;eyepacs
7060f0f0e0e07070,2,eyepacs
7060f0e4e4f07070,2,eyepacs
7070f8d8d8f07070,2,eyepacs
7070f0fcf8f87870,2,eyepacs
f8f0f0c8c8e0e0e0,2,eyepacs
f8f0f0b498f8f0f0,2,aptos
f8f0e2e2e2e2e0e0,2,eyepacs
f8f0e0e6e0e0e0e0,2,eyepacs
f8f0e0e4e0e0f0e0,2,eyepacs
f8f0e0e4e0e0f0c0,2,eyepacs
f8f0e0e4e0e0e0c0,2,eyepacs
f8f0e0e0e0f0f0f4,2,eyepacs
f8f0e0e0e0f0f0c4,2,eyepacs
f8f0e0e0e0f0f0c0,2,eyepacs
3070f0e0e0f06070,2,eyepacs
f8f0f0e8c8c8c0e0,2,eyepacs
f8f0f0e4e0e0e0e0,2,eyepacs
f8f0f0e0e2f0f0f8,2,aptos
3070e8e8e0f07070,2,eyepacs
3070e0e4e4e47070,2,eyepacs
3070e0e4e4e06070,2,eyepacs
3070e0e0e4e06030,2,eyepacs
3070e0e0e0e07830,2,eyepacs
f8f0f0e0e2e2f0e4,2,eyepacs
f8f0f0e0c8c0e0e0,2,eyepacs
7068c0e4e4e06070,2,eyepacs
7061e0e0e0e06070,2,eyepacs
7060f8f8f8f87870,2,eyepacs
7060f8f8ecec7870,2,eyepacs
7060f8f8d8f87070,2,eyepacs
7060f8d8d8f87070,2,eyepacs
7070f0fcecf87070,2,eyepacs
7070f0f8fcfc7870,2,eyepacs
7070f0f8f8fc7070,2,eyepacs
7070f0f8f8f86070,2,eyepacs
7070f0f8f8f47870,2,eyepacs
7070f0f8f8f07170,2,eyepacs
7070f0f8f0f87870,2,eyepacs
7070f0f8f0f07870,2,eyepacs
7070f0f8e8f87870,2,eyepacs
f8f0f8f8f8f0f0f0,2,eyepacs
f8f0f8d8f8f8f8f8,2,eyepacs
f8f0f8d8f8f8f8f0,2,eyepacs
f8f0f8b8b8b8f0cc,2,eyepacs
f8f0f0f8f8f8f8d0,2,eyepacs
f8f0f0f0e0e0f0f0,2,eyepacs
f8f0f0f0c1c4e0f0,2,aptos
7070f0f4ecf07070,2,eyepacs
7070f0f4e4e47070,2,aptos;eyepacs
7070f0f0fcf87870,2,eyepacs
7070f0f0fcf07070,2,eyepacs
7070f0f0f8f07870,2,eyepacs
7070f0f0f8d87070,2,eyepacs
7070f0f0f0f87070,2,eyepacs
f8f8b8b8b8baf2d4,2,eyepacs
f8f8b89898f8f8f4,2,eyepacs
f8f8b89898f8f8f0,2,eyepacs
f8f4f0f2f2f4fcf8,2,aptos
f8f0f8fcfcf8f0f0,2,eyepacs
f8f0f8f8f8faf0f4,2,eyepacs
f8f0f8f8f8f8f8e4,2,eyepacs
f8f0f8f8f8f8f0f8,2,eyepacs
f8f0f8f8f8f8f0e4,2,eyepacs
7070f0e8e8f87870,2,eyepacs
7070f0e8e8f87070,2,eyepacs
7068dcdcdcdc6870,2,eyepacs
7068dcdcd8dc6870,2,eyepacs
7068dcdcccdc6870,2,aptos;eyepacs
f8f8f8989898f8f8,2,eyepacs
f8f8f0fef6fcdcfc,2,aptos
f8f8f0fce6e2f0e8,2,aptos
f8f8f0f8f8f8f8f0,2,eyepacs
f8f8f0eeeefadec8,2,aptos
f8f8f0e6fcfcf8f0,2,aptos
f8f8f0e6eae4fcf8,2,aptos
f8f8ecf4f0f8d0f8,2,aptos
f8f8d8d8f8f8f8fc,2,eyepacs
f8f8d898b8f8f0f0,2,eyepacs
7070f0f8d8d87870,2,eyepacs
3070787c78787030,2,eyepacs
f8f8f8c8c8e0e0e0,2,eyepacs
f8f8f8b8f8f8f8f8,2,eyepacs
f8f8f8b8f8f8f0e0,2,eyepacs
f8f8f8b8f8f0f0f0,2,eyepacs;idrid
f8f8f8b8b8f8f8f4,2,eyepacs
f8f8f8b8b8b8f8f8,2,eyepacs
f8f8f8b898f8f8f0,2,eyepacs
f8f8f8b89898f8f0,2,eyepacs
f8f8f898f8f8f0e0,2,eyepacs
f8f8f898b8f8f8fc,2,eyepacs
f8f8f898b8f8f0f0,2,eyepacs
7070f0f0f0d87070,2,eyepacs
7070f0f0e4e47870,2,eyepacs
7070f0f0d0f07070,2,eyepacs
7070f0ecf8f87070,2,eyepacs
f8f8f8d8d8f8f8f8,2,eyepacs
f8f8f8d8d8f8f8f4,2,eyepacs
f8f8f8d898f8f8f0,2,eyepacs
7068d8fcfcfc7870,2,aptos
7068d8fcecfc7870,2,aptos;eyepacs
7068d8fcecf87870,2,aptos;eyepacs
7068d8f8d8f87870,2,eyepacs
7068d8d8d8f87070,2,eyepacs
7068d4f8d8d46870,2,eyepacs
7068d4e4e4e46070,2,eyepacs
7068ccccccc4e870,2,aptos
7068c4e4e4e46870,2,eyepacs
7070f0e4f0f07070,2,eyepacs
7070f0e4ecf07070,2,eyepacs
7070f0e4e4f47070,2,eyepacs
7070f0e4e0f07070,2,eyepacs
f8f8f8ecfcf8f0f0,2,eyepacs
7070f0e0f4f07070,2,eyepacs
7070f0e0ecf07070,2,eyepacs
7070f0e0e4f07870,2,eyepacs
7070f0e0e0f07078,2,eyepacs
7070f0e0e0e87870,2,eyepacs
7070f0e0e0e07870,2,eyepacs
7070f0e0c8f07070,2,eyepacs
7070f0d8f0f07070,2,eyepacs
f8f8f8ecfcf8f0e0,2,eyepacs
f8f8f8ececece8e8,2,aptos
f8f8f8dcfcf8f8f0,2,eyepacs
f8f8f8dcfcb892c4,2,aptos
f8f8f8dcf8f8f8f0,2,eyepacs
f8f8f8d8f8f8f8e0,2,eyepacs
f8f8f8d8d8f8fcfc,2,eyepacs
3068ccccc8f87870,2,aptos
3060f0f0e0e46030,2,eyepacs
3060f0e0e0f07070,2,eyepacs
3060f0e0e0e06030,2,eyepacs
3060f0d8d8f87030,2,eyepacs
3060f0d0d8d87830,2,eyepacs
3060e8e8e0f07070,2,eyepacs
3060e4e4e4f07070,2,eyepacs
f8f8f8f8ececf8f0,2,eyepacs
f8f8f8f8d8f8f8fc,2,eyepacs
f8f8f8f8d8f8f8f8,2,eyepacs
f8f8f8f8d8f8f8f4,2,eyepacs
f8f8f8f8b8f8f8f0,2,eyepacs
f8f8f8f898d8f8f8,2,eyepacs
f8f8f8f4dcecf8f8,2,aptos
f8f8f8f2f2f4f8f0,2,aptos
7070f0d0c8f07070,2,eyepacs
7070f0c0c0c06070,2,eyepacs
7070e4e4e4e07070,2,eyepacs
7070e4e4e4e06070,2,eyepacs
7070e4e0e4e46070,2,eyepacs
7070e0f0f0f07070,2,eyepacs
7070e0f0e0f07070,2,eyepacs
7070e0ececf07070,2,eyepacs
7070e0e4e4f47070,2,eyepacs
f8f8f8f8f6fc9ecc,2,aptos
f8f8f8f8ecfcf8f8,2,eyepacs
f8f8f8f8ecfcf8f0,2,eyepacs
f8f8f8f8ecfcf0f0,2,eyepacs
3068e4e4e4e46830,2,eyepacs
3068dcdcdcdc6830,2,eyepacs
3068d0f4fcf87830,2,eyepacs
f8f8f8fcfcfcfcf8,2,aptos;eyepacs
f8f8f8fcfcfcf8f8,2,eyepacs
f8f8f8fcfcf8f8f4,2,eyepacs
f8f8f8fcfcf8f4f8,2,aptos
f8f8f8fcfcf0f0e0,2,eyepacs
f8f8f8fcf8f8f8f0,2,eyepacs;idrid
f8f8f8fcf8f8f0e0,2,eyepacs
f8f8f8fcecfcfcfc,2,aptos
f8f8f8f8fcf8f8f8,2,eyepacs
f8f8f8f8fcf8f0e0,2,eyepacs
f8f8f8f8f8fcf8f8,2,eyepacs
f8f8f8f8f8fafcfc,2,eyepacs
f8f8f8f8f8faf8f0,2,eyepacs
f8f8f8f8f8faf0f4,2,eyepacs
7070f0d8d8d87070,2,eyepacs
7070f0d0f0f07070,2,eyepacs
f8f8fcececf8f8f0,2,aptos;eyepacs
7068f4f0f0f07070,2,eyepacs
7068f0e0e4e07070,2,eyepacs
7068f0e0e0e06070,2,eyepacs
7068e4e4e4f47070,2,eyepacs
7068e4e4e4e47070,2,eyepacs
7068e0e0e0e06070,2,eyepacs
7068dcfcecfc7870,2,aptos
7068dcecfcfc7870,2,aptos;eyepacs
7070e0e4e0e06070,2,eyepacs
f8f8fcdcdcfcf8f0,2,eyepacs
f8f8fcdcdcf8f0e0,2,eyepacs
f8f8fafafafefcfc,2,eyepacs
f8f8f8fefefcf8f8,2,aptos
f8f8f8feeedcdce0,2,aptos
f8f8f8fcfef6fcf8,2,aptos
f8faf8fef6fcfcfc,2,aptos
f8f8fdd7fffef2fa,2,aptos
f8f8fcfefefefcf8,2,aptos
f8f8fcfef7f6fcfc,2,aptos
f8f8fcfeeefefcf8,2,aptos
f8f8fcfeeeeefcf8,2,aptos
f8f8fcfcfcf8f0e0,2,eyepacs
f8f8fcfcfcf8f0dc,2,eyepacs
f8f8fcfcfcf8f0c0,2,aptos
f8f8fcfcf8f8f8d8,2,eyepacs
f8f8fcfceeeefcf8,2,aptos
f8f8fcfce7fcfcf8,2,aptos
f8f8fcfcdcf8f8f0,2,eyepacs
f8f8fcf4f4fcf8f8,2,aptos
f8f8fceee6f6d4e4,2,aptos
f8f8fcecfcf8f0c0,2,eyepacs
f8fcfcf8f8f8f8f0,2,eyepacs
f8fcfceeeefcf8e4,2,eyepacs
7070e0e0f0e07070,2,eyepacs
7070e0e0e4e0e070,2,eyepacs
7070e0c8e0f07070,2,eyepacs
7070e0c0e4e06070,2,eyepacs
7070e0c0e0f07070,2,eyepacs
7070e0c0c0e07070,2,eyepacs
f8fcfccecefcfcf8,2,eyepacs
f8fcfafafafaf4fc,2,eyepacs
f8fcf89898f8f0e0,2,eyepacs
f8fcf6fefcfcf8f8,2,aptos
f8fcf4e6f4f0b0f0,2,aptos
f8fceefefcf0f8f0,2,aptos
f8fcececfcf8fafc,2,aptos
f8fcececeefebecc,2,aptos
fcf0f0f0c8c0e0e0,2,eyepacs
fcbebababababedc,2,eyepacs
fcbcfcf6f6fcdccc,2,aptos
f8fcfefffffefcf8,2,aptos
f8fcfefafafefcfc,2,eyepacs
f8fcfeeefebebefc,2,aptos
f8fcfcfefefcfcf8,2,eyepacs
f8fcfcfefebcfcf8,2,eyepacs
3060e4c4c4c46830,2,eyepacs
3060e0e4e4e07070,2,aptos;eyepacs
3060e0e4e4e06030,2,eyepacs
3060e0e0e4e06030,2,eyepacs
f8fcfcfeeebcfce8,2,eyepacs
f8fcfcfcfcfcfcf8,2,aptos;eyepacs
f8fcfcfceefcfcf8,2,aptos;eyepacs
f8fcfcfcd4f4f0f0,2,aptos
fcf8fababafafcfc,2,eyepacs
fcfefefefcfcfcdc,2,aptos
fcfefcf0e8f8ecf8,2,aptos
3060c0e4e4e06030,2,eyepacs
fcf8f8f8f8faf8fc,2,eyepacs
fcf8f8f8f8faf4fc,2,eyepacs
fcf8f8f8f8faf0f4,2,eyepacs
fcf8f8f8f8f8fcfc,2,eyepacs
fcf8f8f8f8f8f8f8,2,eyepacs
fcf8f8f8f8f8f8f4,2,eyepacs
fcf8f8f8f8f8f8f0,2,eyepacs
fcf8f8f8f8f8f0f0,2,eyepacs
fcf8f8f8f8e0c4e0,2,aptos
fcf8f8dcedf4f0f8,2,aptos
fcf8f8d8f8f8f8f4,2,eyepacs
fcf8f8d8f8f8f8dc,2,eyepacs
d4f0e0e0e0f0e0f0,2,aptos
d4f0d0d0c0c0c060,2,aptos
d0f8f8f8f8f8f8f0,2,eyepacs
7060c0e0e0d04070,2,eyepacs
7060c0e0e0c46070,2,eyepacs
3060c0e4e4e07070,2,eyepacs
fcfcfabababafcfc,2,eyepacs
fcfcf8f8f8fcfcf8,2,eyepacs
fcfcf8f6fcfcfcfc,2,aptos
fcfcf8b8b8f8f8f4,2,eyepacs
fcfcf0f6f6f8fcf8,2,aptos
fcfcdc98f8f8f0f4,2,eyepacs
fcfcbabababafcfc,2,eyepacs
fcfafafafafafefc,2,eyepacs
fcf8fcfefefefcf8,2,aptos
fcf8fafafafaf8fc,2,eyepacs
